transaction_id,customer_id,transaction_date,transaction_type,amount
BANK-C005-0-01,C005,2026-03-27,入金,10704
BANK-C005-0-00,C005,2026-03-28,入金,9330
BANK-C005-1-00,C005,2026-04-18,入金,8390
BANK-C005-1-01,C005,2026-05-08,入金,9813
BANK-C005-2-00,C005,2026-05-29,入金,8680
BANK-C005-2-01,C005,2026-06-01,出金,6700
BANK-C005-3-00,C005,2026-06-21,入金,13050
BANK-C007-0-01,C007,2026-03-19,入金,15340
BANK-C007-0-03,C007,2026-03-20,入金,15025
BANK-C007-0-02,C007,2026-03-22,入金,10090
BANK-C007-0-00,C007,2026-03-29,出金,8670
BANK-C007-1-03,C007,2026-04-18,入金,10001
BANK-C007-1-01,C007,2026-04-30,入金,13650
BANK-C007-1-02,C007,2026-05-05,入金,10820
BANK-C007-1-00,C007,2026-05-11,出金,18510
BANK-C007-2-02,C007,2026-05-19,入金,12780
BANK-C007-2-03,C007,2026-06-07,入金,11575
BANK-C007-2-01,C007,2026-06-11,入金,17180
BANK-C007-2-00,C007,2026-06-13,入金,16870
BANK-C007-3-04,C007,2026-06-19,出金,5971
BANK-C007-3-02,C007,2026-06-21,出金,13830
BANK-C007-3-03,C007,2026-07-02,出金,18660
BANK-C007-3-00,C007,2026-07-09,入金,9450
BANK-C007-3-01,C007,2026-07-09,入金,13790
BANK-C008-0-00,C008,2026-04-12,入金,17540
BANK-C008-0-02,C008,2026-04-15,入金,20432
BANK-C008-0-01,C008,2026-04-17,出金,22430
BANK-C008-1-01,C008,2026-04-18,入金,15880
BANK-C008-1-02,C008,2026-04-19,入金,27124
BANK-C008-1-00,C008,2026-05-05,出金,16480
BANK-C008-2-00,C008,2026-05-19,出金,21230
BANK-C008-2-01,C008,2026-05-25,入金,22410
BANK-C008-2-02,C008,2026-06-11,入金,17650
BANK-C008-3-01,C008,2026-06-27,入金,13480
BANK-C008-3-02,C008,2026-06-27,入金,33390
BANK-C008-3-00,C008,2026-07-03,入金,15700
BANK-C009-0-01,C009,2026-03-30,入金,11660
BANK-C009-0-02,C009,2026-04-04,入金,7075
BANK-C009-0-00,C009,2026-04-16,出金,14090
BANK-C009-1-01,C009,2026-04-18,入金,6500
BANK-C009-1-00,C009,2026-05-05,出金,16100
BANK-C009-1-02,C009,2026-05-17,出金,7136
BANK-C009-2-00,C009,2026-05-26,入金,13170
BANK-C009-2-01,C009,2026-06-04,入金,13100
BANK-C009-3-01,C009,2026-06-23,出金,11154
BANK-C009-3-00,C009,2026-07-13,出金,10940
BANK-C010-0-00,C010,2026-03-22,出金,12340
BANK-C010-0-01,C010,2026-04-11,入金,6010
BANK-C010-0-03,C010,2026-04-15,入金,8054
BANK-C010-0-02,C010,2026-04-17,入金,4990
BANK-C010-1-00,C010,2026-04-27,入金,5670
BANK-C010-1-02,C010,2026-05-10,出金,11260
BANK-C010-1-01,C010,2026-05-14,入金,11510
BANK-C010-2-02,C010,2026-05-19,入金,8315
BANK-C010-2-00,C010,2026-05-29,出金,7280
BANK-C010-2-01,C010,2026-06-01,入金,8820
BANK-C010-3-02,C010,2026-06-23,入金,9774
BANK-C010-3-01,C010,2026-06-25,出金,4500
BANK-C010-3-00,C010,2026-07-13,出金,7840
BANK-C011-0-01,C011,2026-03-21,入金,18950
BANK-C011-0-00,C011,2026-03-26,入金,15620
BANK-C011-0-02,C011,2026-04-07,出金,16797
BANK-C011-1-00,C011,2026-04-18,出金,22210
BANK-C011-1-01,C011,2026-05-07,入金,16808
BANK-C011-2-00,C011,2026-05-18,入金,27641
BANK-C011-3-00,C011,2026-07-16,出金,20901
BANK-C012-0-01,C012,2026-03-21,出金,17241
BANK-C012-0-00,C012,2026-03-30,入金,20910
BANK-C012-1-00,C012,2026-04-27,出金,15950
BANK-C012-1-01,C012,2026-05-12,出金,25677
BANK-C012-2-00,C012,2026-05-22,入金,19580
BANK-C012-2-01,C012,2026-05-26,出金,24099
BANK-C012-3-00,C012,2026-07-12,入金,17970
BANK-C012-3-01,C012,2026-07-16,入金,28773
BANK-C014-0-03,C014,2026-03-19,入金,22355
BANK-C014-0-01,C014,2026-03-27,出金,13910
BANK-C014-0-02,C014,2026-03-27,出金,29450
BANK-C014-0-00,C014,2026-04-05,入金,10270
BANK-C014-1-00,C014,2026-04-20,出金,22600
BANK-C014-1-01,C014,2026-04-30,出金,17730
BANK-C014-1-03,C014,2026-04-30,入金,10612
BANK-C014-1-02,C014,2026-05-09,出金,23220
BANK-C014-2-00,C014,2026-05-18,出金,8890
BANK-C014-2-03,C014,2026-05-19,出金,18237
BANK-C014-2-01,C014,2026-06-05,出金,20320
BANK-C014-2-02,C014,2026-06-15,出金,28470
BANK-C014-3-02,C014,2026-06-23,出金,21710
BANK-C014-3-01,C014,2026-07-02,出金,23200
BANK-C014-3-00,C014,2026-07-10,出金,17770
BANK-C014-3-03,C014,2026-07-12,入金,18723
BANK-C018-0-00,C018,2026-03-30,入金,7670
BANK-C018-0-03,C018,2026-03-30,出金,15969
BANK-C018-0-01,C018,2026-04-09,入金,12750
BANK-C018-0-02,C018,2026-04-16,出金,21000
BANK-C018-1-01,C018,2026-04-29,入金,17470
BANK-C018-1-02,C018,2026-05-01,入金,13075
BANK-C018-1-00,C018,2026-05-08,入金,21180
BANK-C018-2-02,C018,2026-05-27,入金,17171
BANK-C018-2-00,C018,2026-05-29,出金,10880
BANK-C018-2-01,C018,2026-06-11,出金,15760
BANK-C018-3-02,C018,2026-06-30,出金,17293
BANK-C018-3-01,C018,2026-07-04,出金,14220
BANK-C018-3-00,C018,2026-07-08,入金,6800
BANK-C025-0-00,C025,2026-03-24,出金,8690
BANK-C025-0-03,C025,2026-04-06,入金,10549
BANK-C025-0-02,C025,2026-04-13,出金,7920
BANK-C025-0-01,C025,2026-04-15,出金,8450
BANK-C025-1-00,C025,2026-04-20,出金,5480
BANK-C025-1-02,C025,2026-05-01,出金,6250
BANK-C025-1-01,C025,2026-05-14,入金,13330
BANK-C025-1-03,C025,2026-05-16,出金,11910
BANK-C025-2-00,C025,2026-05-18,出金,8030
BANK-C025-2-01,C025,2026-05-26,出金,15050
BANK-C025-2-03,C025,2026-06-04,出金,7882
BANK-C025-2-02,C025,2026-06-16,入金,6770
BANK-C025-3-02,C025,2026-06-20,出金,7510
BANK-C025-3-00,C025,2026-06-27,入金,13390
BANK-C025-3-03,C025,2026-06-27,出金,13998
BANK-C025-3-01,C025,2026-07-02,出金,6680
BANK-C026-0-01,C026,2026-03-21,出金,17120
BANK-C026-0-03,C026,2026-03-28,入金,10879
BANK-C026-0-02,C026,2026-04-10,入金,14890
BANK-C026-0-00,C026,2026-04-17,入金,16120
BANK-C026-1-02,C026,2026-04-21,入金,23897
BANK-C026-1-00,C026,2026-05-05,入金,11860
BANK-C026-1-01,C026,2026-05-08,出金,15250
BANK-C026-2-01,C026,2026-05-21,入金,10620
BANK-C026-2-02,C026,2026-05-24,入金,7085
BANK-C026-2-00,C026,2026-05-27,入金,26020
BANK-C026-3-00,C026,2026-06-19,出金,11760
BANK-C026-3-01,C026,2026-06-19,入金,25126
BANK-C027-0-00,C027,2026-03-20,入金,13170
BANK-C027-0-02,C027,2026-03-29,出金,11446
BANK-C027-0-01,C027,2026-04-03,出金,5210
BANK-C027-1-00,C027,2026-05-03,出金,11580
BANK-C027-1-01,C027,2026-05-15,出金,9957
BANK-C027-2-01,C027,2026-05-21,入金,7250
BANK-C027-2-00,C027,2026-06-11,出金,7550
BANK-C028-0-00,C028,2026-03-21,出金,17450
BANK-C028-0-01,C028,2026-03-21,出金,14710
BANK-C028-0-02,C028,2026-03-26,入金,5660
BANK-C028-0-03,C028,2026-04-11,入金,7883
BANK-C028-1-02,C028,2026-04-19,入金,5180
BANK-C028-1-04,C028,2026-04-27,入金,8150
BANK-C028-1-03,C028,2026-04-28,出金,8650
BANK-C028-1-01,C028,2026-05-03,入金,11700
BANK-C028-1-00,C028,2026-05-07,出金,14120
BANK-C028-2-01,C028,2026-05-22,入金,12400
BANK-C028-2-02,C028,2026-06-05,出金,9380
BANK-C028-2-00,C028,2026-06-08,出金,10590
BANK-C028-2-04,C028,2026-06-08,入金,5125
BANK-C028-2-03,C028,2026-06-14,出金,11320
BANK-C028-3-02,C028,2026-06-29,入金,8690
BANK-C028-3-01,C028,2026-07-05,入金,14180
BANK-C028-3-00,C028,2026-07-09,入金,12450
BANK-C028-3-03,C028,2026-07-12,出金,9340
BANK-C028-3-04,C028,2026-07-16,出金,8913
BANK-C033-0-02,C033,2026-04-06,入金,5990
BANK-C033-0-01,C033,2026-04-09,入金,6690
BANK-C033-0-00,C033,2026-04-15,出金,4810
BANK-C033-0-03,C033,2026-04-15,入金,5241
BANK-C033-1-00,C033,2026-04-21,出金,4430
BANK-C033-1-01,C033,2026-04-21,入金,5620
BANK-C033-1-03,C033,2026-04-22,出金,6875
BANK-C033-1-02,C033,2026-04-23,入金,6120
BANK-C033-2-01,C033,2026-05-29,出金,10940
BANK-C033-2-00,C033,2026-06-02,出金,3880
BANK-C033-2-03,C033,2026-06-09,入金,2978
BANK-C033-2-02,C033,2026-06-12,入金,7820
BANK-C033-3-02,C033,2026-06-18,入金,7280
BANK-C033-3-03,C033,2026-06-25,出金,4150
BANK-C033-3-00,C033,2026-06-30,出金,4520
BANK-C033-3-04,C033,2026-06-30,入金,5190
BANK-C033-3-01,C033,2026-07-02,出金,6160
BANK-C034-0-01,C034,2026-03-20,入金,6320
BANK-C034-0-04,C034,2026-03-23,出金,11794
BANK-C034-0-03,C034,2026-03-25,出金,8200
BANK-C034-0-02,C034,2026-03-26,入金,17750
BANK-C034-0-00,C034,2026-04-05,入金,9420
BANK-C034-1-02,C034,2026-04-18,入金,10700
BANK-C034-1-03,C034,2026-04-21,出金,10420
BANK-C034-1-00,C034,2026-05-04,出金,9360
BANK-C034-1-01,C034,2026-05-13,入金,15960
BANK-C034-2-01,C034,2026-05-22,入金,8160
BANK-C034-2-02,C034,2026-05-28,出金,11760
BANK-C034-2-00,C034,2026-06-12,出金,11680
BANK-C034-2-03,C034,2026-06-16,出金,8652
BANK-C034-3-01,C034,2026-07-02,入金,14470
BANK-C034-3-02,C034,2026-07-02,出金,9714
BANK-C034-3-00,C034,2026-07-08,出金,10260
BANK-C036-0-02,C036,2026-03-20,出金,12823
BANK-C036-0-00,C036,2026-03-27,出金,26930
BANK-C036-0-01,C036,2026-04-01,出金,15950
BANK-C036-1-00,C036,2026-04-28,入金,28460
BANK-C036-1-01,C036,2026-05-12,出金,9858
BANK-C036-2-00,C036,2026-06-10,出金,16380
BANK-C036-2-01,C036,2026-06-16,出金,11828
BANK-C036-3-00,C036,2026-07-01,出金,20682
BANK-C037-0-01,C037,2026-03-21,出金,12070
BANK-C037-0-02,C037,2026-04-01,出金,22930
BANK-C037-0-03,C037,2026-04-07,出金,15267
BANK-C037-0-00,C037,2026-04-12,出金,26780
BANK-C037-1-03,C037,2026-04-19,入金,41992
BANK-C037-1-00,C037,2026-04-22,出金,12480
BANK-C037-1-02,C037,2026-05-08,出金,14330
BANK-C037-1-01,C037,2026-05-12,出金,13700
BANK-C037-2-02,C037,2026-05-27,入金,19750
BANK-C037-2-01,C037,2026-05-28,入金,17990
BANK-C037-2-03,C037,2026-06-13,出金,28225
BANK-C037-2-00,C037,2026-06-16,入金,17400
BANK-C037-3-02,C037,2026-06-29,入金,15120
BANK-C037-3-01,C037,2026-07-02,入金,15570
BANK-C037-3-00,C037,2026-07-03,出金,20470
BANK-C037-3-03,C037,2026-07-11,入金,30210
BANK-C039-0-02,C039,2026-03-25,出金,8570
BANK-C039-0-01,C039,2026-03-28,入金,11230
BANK-C039-0-04,C039,2026-03-29,入金,16450
BANK-C039-0-00,C039,2026-03-30,出金,8250
BANK-C039-0-05,C039,2026-04-04,入金,11921
BANK-C039-0-03,C039,2026-04-14,出金,16430
BANK-C039-1-03,C039,2026-04-22,入金,16270
BANK-C039-1-00,C039,2026-05-07,出金,16380
BANK-C039-1-02,C039,2026-05-13,入金,15110
BANK-C039-1-04,C039,2026-05-13,入金,8459
BANK-C039-1-01,C039,2026-05-16,出金,9930
BANK-C039-2-01,C039,2026-05-24,入金,8330
BANK-C039-2-00,C039,2026-05-28,入金,14620
BANK-C039-2-03,C039,2026-06-01,出金,9210
BANK-C039-2-04,C039,2026-06-05,入金,11595
BANK-C039-2-02,C039,2026-06-12,入金,13520
BANK-C039-3-01,C039,2026-06-23,出金,7380
BANK-C039-3-00,C039,2026-06-24,入金,13990
BANK-C039-3-02,C039,2026-07-06,入金,17310
BANK-C039-3-03,C039,2026-07-12,入金,10239
BANK-C040-0-02,C040,2026-04-01,出金,19543
BANK-C040-0-00,C040,2026-04-04,入金,21460
BANK-C040-0-01,C040,2026-04-06,入金,14960
BANK-C040-1-02,C040,2026-04-21,出金,25141
BANK-C040-1-00,C040,2026-05-03,入金,17590
BANK-C040-1-01,C040,2026-05-07,入金,12700
BANK-C040-2-01,C040,2026-05-21,入金,19740
BANK-C040-2-00,C040,2026-05-23,入金,22200
BANK-C040-2-02,C040,2026-05-29,出金,12411
BANK-C040-3-00,C040,2026-06-20,出金,20170
BANK-C040-3-03,C040,2026-06-25,入金,7448
BANK-C040-3-01,C040,2026-07-04,入金,24490
BANK-C040-3-02,C040,2026-07-04,入金,6910
BANK-C041-0-01,C041,2026-04-05,入金,22873
BANK-C041-0-00,C041,2026-04-17,出金,19760
BANK-C041-1-00,C041,2026-04-18,出金,16150
BANK-C041-1-01,C041,2026-05-05,入金,13394
BANK-C041-2-00,C041,2026-06-11,入金,20148
BANK-C041-3-00,C041,2026-07-12,出金,15233
BANK-C042-0-00,C042,2026-03-22,入金,15450
BANK-C042-0-01,C042,2026-03-22,出金,21320
BANK-C042-0-02,C042,2026-03-26,出金,18641
BANK-C042-1-00,C042,2026-04-23,出金,28470
BANK-C042-1-02,C042,2026-04-23,出金,19153
BANK-C042-1-01,C042,2026-05-16,入金,13390
BANK-C042-2-00,C042,2026-05-31,入金,24670
BANK-C042-2-01,C042,2026-06-05,出金,12090
BANK-C042-2-03,C042,2026-06-06,出金,19813
BANK-C042-2-02,C042,2026-06-14,入金,6640
BANK-C042-3-00,C042,2026-06-30,入金,21150
BANK-C042-3-02,C042,2026-07-01,出金,10110
BANK-C042-3-03,C042,2026-07-01,入金,21105
BANK-C042-3-01,C042,2026-07-09,入金,13940
BANK-C045-0-00,C045,2026-03-25,入金,10920
BANK-C045-0-05,C045,2026-03-26,入金,14310
BANK-C045-0-04,C045,2026-03-27,出金,16480
BANK-C045-0-07,C045,2026-03-28,出金,10389
BANK-C045-0-01,C045,2026-03-29,入金,7590
BANK-C045-0-02,C045,2026-03-30,入金,6730
BANK-C045-0-03,C045,2026-03-31,入金,5780
BANK-C045-0-06,C045,2026-04-10,出金,7060
BANK-C045-1-04,C045,2026-04-18,入金,9270
BANK-C045-1-00,C045,2026-04-20,入金,11200
BANK-C045-1-05,C045,2026-04-30,入金,8150
BANK-C045-1-01,C045,2026-05-02,出金,6480
BANK-C045-1-06,C045,2026-05-06,出金,8912
BANK-C045-1-02,C045,2026-05-10,入金,11010
BANK-C045-1-03,C045,2026-05-13,入金,11770
BANK-C045-2-02,C045,2026-05-25,入金,9600
BANK-C045-2-00,C045,2026-05-26,入金,7900
BANK-C045-2-03,C045,2026-05-26,入金,12320
BANK-C045-2-01,C045,2026-05-29,入金,8320
BANK-C045-2-04,C045,2026-05-29,出金,14480
BANK-C045-2-05,C045,2026-06-16,出金,4930
BANK-C045-3-03,C045,2026-06-23,出金,12470
BANK-C045-3-01,C045,2026-07-03,出金,8530
BANK-C045-3-00,C045,2026-07-06,出金,13980
BANK-C045-3-02,C045,2026-07-12,出金,5270
BANK-C045-3-04,C045,2026-07-14,出金,10278
BANK-C046-0-00,C046,2026-04-01,入金,16210
BANK-C046-0-01,C046,2026-04-16,入金,20962
BANK-C046-1-00,C046,2026-04-24,出金,23210
BANK-C046-1-01,C046,2026-05-07,入金,16233
BANK-C046-2-00,C046,2026-05-21,出金,29170
BANK-C046-2-01,C046,2026-05-26,入金,11172
BANK-C046-3-00,C046,2026-07-01,入金,23330
BANK-C046-3-01,C046,2026-07-04,入金,10380
BANK-C046-3-02,C046,2026-07-11,出金,9275
BANK-C049-0-01,C049,2026-03-23,出金,22530
BANK-C049-0-03,C049,2026-03-23,出金,9170
BANK-C049-0-00,C049,2026-04-03,出金,15300
BANK-C049-0-02,C049,2026-04-15,出金,13340
BANK-C049-1-03,C049,2026-04-21,入金,17830
BANK-C049-1-01,C049,2026-04-23,入金,15050
BANK-C049-1-00,C049,2026-05-02,出金,9190
BANK-C049-1-02,C049,2026-05-10,出金,11190
BANK-C049-1-04,C049,2026-05-10,出金,12716
BANK-C049-2-00,C049,2026-05-18,入金,11360
BANK-C049-2-01,C049,2026-05-27,出金,19010
BANK-C049-2-02,C049,2026-06-01,入金,21240
BANK-C049-2-03,C049,2026-06-03,入金,7820
BANK-C049-2-04,C049,2026-06-12,出金,13872
BANK-C049-3-03,C049,2026-06-28,入金,15090
BANK-C049-3-00,C049,2026-07-01,入金,11730
BANK-C049-3-02,C049,2026-07-03,入金,12580
BANK-C049-3-01,C049,2026-07-07,入金,15490
BANK-C049-3-04,C049,2026-07-12,入金,17404
BANK-C052-0-03,C052,2026-03-23,出金,10110
BANK-C052-0-04,C052,2026-04-08,出金,25239
BANK-C052-0-02,C052,2026-04-11,入金,20450
BANK-C052-0-01,C052,2026-04-12,出金,16180
BANK-C052-0-00,C052,2026-04-13,出金,7350
BANK-C052-1-00,C052,2026-04-26,入金,18630
BANK-C052-1-02,C052,2026-04-30,入金,7860
BANK-C052-1-03,C052,2026-05-02,出金,20390
BANK-C052-1-01,C052,2026-05-03,入金,12060
BANK-C052-1-04,C052,2026-05-10,入金,20453
BANK-C052-2-04,C052,2026-05-21,出金,8469
BANK-C052-2-00,C052,2026-05-22,入金,17590
BANK-C052-2-02,C052,2026-06-07,出金,17550
BANK-C052-2-01,C052,2026-06-15,出金,26780
BANK-C052-2-03,C052,2026-06-16,入金,16500
BANK-C052-3-01,C052,2026-06-19,入金,10050
BANK-C052-3-03,C052,2026-06-26,入金,18710
BANK-C052-3-04,C052,2026-06-28,出金,25656
BANK-C052-3-00,C052,2026-06-30,出金,16340
BANK-C052-3-02,C052,2026-07-06,入金,20750
BANK-C053-0-00,C053,2026-03-29,出金,20892
BANK-C053-1-00,C053,2026-04-19,入金,15798
BANK-C053-2-00,C053,2026-06-05,出金,11812
BANK-C053-3-00,C053,2026-07-01,出金,9008
BANK-C054-0-06,C054,2026-03-23,入金,4696
BANK-C054-0-05,C054,2026-03-27,出金,8190
BANK-C054-0-01,C054,2026-04-02,入金,7660
BANK-C054-0-04,C054,2026-04-08,入金,3440
BANK-C054-0-00,C054,2026-04-10,入金,6230
BANK-C054-0-02,C054,2026-04-11,出金,5940
BANK-C054-0-03,C054,2026-04-11,出金,9420
BANK-C054-1-03,C054,2026-04-18,出金,6440
BANK-C054-1-00,C054,2026-04-19,出金,4270
BANK-C054-1-01,C054,2026-04-19,入金,11220
BANK-C054-1-04,C054,2026-04-22,入金,6545
BANK-C054-1-02,C054,2026-04-27,出金,3830
BANK-C054-2-00,C054,2026-05-22,出金,3750
BANK-C054-2-01,C054,2026-05-31,入金,6420
BANK-C054-2-02,C054,2026-06-04,入金,5340
BANK-C054-2-03,C054,2026-06-05,出金,8254
BANK-C054-3-00,C054,2026-06-17,出金,5250
BANK-C054-3-01,C054,2026-06-19,出金,11148
BANK-C055-0-02,C055,2026-03-23,入金,9930
BANK-C055-0-00,C055,2026-03-29,出金,12710
BANK-C055-0-01,C055,2026-04-04,出金,11070
BANK-C055-1-01,C055,2026-04-26,出金,11190
BANK-C055-1-00,C055,2026-05-09,出金,9580
BANK-C055-1-02,C055,2026-05-13,入金,8837
BANK-C055-2-00,C055,2026-05-18,出金,8900
BANK-C055-2-01,C055,2026-05-31,出金,11810
BANK-C055-2-02,C055,2026-06-02,出金,5371
BANK-C055-3-00,C055,2026-06-26,入金,7590
BANK-C055-3-01,C055,2026-07-02,出金,15970
BANK-C059-0-07,C059,2026-03-20,出金,5780
BANK-C059-0-02,C059,2026-03-21,出金,3760
BANK-C059-0-04,C059,2026-03-29,出金,6050
BANK-C059-0-09,C059,2026-03-31,出金,4310
BANK-C059-0-08,C059,2026-04-01,入金,3600
BANK-C059-0-01,C059,2026-04-09,入金,4230
BANK-C059-0-03,C059,2026-04-12,入金,7610
BANK-C059-0-10,C059,2026-04-14,入金,7096
BANK-C059-0-06,C059,2026-04-16,入金,6540
BANK-C059-0-00,C059,2026-04-17,入金,6940
BANK-C059-0-05,C059,2026-04-17,出金,9350
BANK-C059-1-02,C059,2026-04-24,出金,8010
BANK-C059-1-06,C059,2026-04-25,入金,5010
BANK-C059-1-08,C059,2026-04-25,出金,7702
BANK-C059-1-07,C059,2026-04-27,入金,8130
BANK-C059-1-00,C059,2026-04-30,入金,4670
BANK-C059-1-03,C059,2026-04-30,出金,4070
BANK-C059-1-04,C059,2026-05-01,出金,4300
BANK-C059-1-01,C059,2026-05-06,出金,4560
BANK-C059-1-05,C059,2026-05-15,入金,3920
BANK-C059-2-04,C059,2026-05-18,出金,7070
BANK-C059-2-00,C059,2026-05-20,入金,9400
BANK-C059-2-01,C059,2026-05-20,出金,4960
BANK-C059-2-05,C059,2026-05-22,入金,4148
BANK-C059-2-03,C059,2026-06-10,出金,6580
BANK-C059-2-02,C059,2026-06-12,出金,4900
BANK-C059-3-03,C059,2026-06-17,出金,7800
BANK-C059-3-02,C059,2026-06-18,入金,2550
BANK-C059-3-01,C059,2026-06-21,出金,4940
BANK-C059-3-04,C059,2026-07-02,出金,6813
BANK-C059-3-00,C059,2026-07-07,入金,5230
