order_id,customer_id,order_date,amount
ORD-C001-0-00,C001,2026-03-19,1500
ORD-C001-0-03,C001,2026-03-21,3140
ORD-C001-0-05,C001,2026-03-29,3670
ORD-C001-0-09,C001,2026-03-31,5260
ORD-C001-0-07,C001,2026-04-01,5010
ORD-C001-0-01,C001,2026-04-02,4750
ORD-C001-0-06,C001,2026-04-06,5130
ORD-C001-0-08,C001,2026-04-06,1780
ORD-C001-0-10,C001,2026-04-10,1642
ORD-C001-0-04,C001,2026-04-15,4560
ORD-C001-0-02,C001,2026-04-17,2240
ORD-C001-1-02,C001,2026-04-20,3100
ORD-C001-1-11,C001,2026-04-23,3220
ORD-C001-1-08,C001,2026-04-25,2920
ORD-C001-1-05,C001,2026-04-27,5380
ORD-C001-1-07,C001,2026-04-28,4300
ORD-C001-1-09,C001,2026-04-28,3230
ORD-C001-1-00,C001,2026-04-30,4090
ORD-C001-1-03,C001,2026-04-30,5460
ORD-C001-1-01,C001,2026-05-04,2620
ORD-C001-1-06,C001,2026-05-11,3330
ORD-C001-1-10,C001,2026-05-12,1840
ORD-C001-1-04,C001,2026-05-15,2120
ORD-C001-2-04,C001,2026-05-20,5100
ORD-C001-2-00,C001,2026-05-22,1880
ORD-C001-2-05,C001,2026-05-23,3150
ORD-C001-2-09,C001,2026-06-01,2000
ORD-C001-2-08,C001,2026-06-02,2210
ORD-C001-2-11,C001,2026-06-05,2327
ORD-C001-2-03,C001,2026-06-07,2420
ORD-C001-2-07,C001,2026-06-07,4500
ORD-C001-2-01,C001,2026-06-11,4440
ORD-C001-2-02,C001,2026-06-11,3970
ORD-C001-2-06,C001,2026-06-11,5940
ORD-C001-2-10,C001,2026-06-11,2710
ORD-C001-3-02,C001,2026-06-18,4930
ORD-C001-3-09,C001,2026-06-18,1570
ORD-C001-3-10,C001,2026-06-18,3040
ORD-C001-3-05,C001,2026-06-19,3750
ORD-C001-3-00,C001,2026-06-25,4290
ORD-C001-3-06,C001,2026-06-26,4690
ORD-C001-3-03,C001,2026-06-28,3520
ORD-C001-3-11,C001,2026-06-28,2487
ORD-C001-3-07,C001,2026-07-01,3770
ORD-C001-3-08,C001,2026-07-01,1900
ORD-C001-3-04,C001,2026-07-03,3800
ORD-C001-3-01,C001,2026-07-05,3070
ORD-C002-0-09,C002,2026-03-20,5350
ORD-C002-0-08,C002,2026-03-23,4900
ORD-C002-0-03,C002,2026-03-25,5170
ORD-C002-0-04,C002,2026-03-29,4130
ORD-C002-0-10,C002,2026-04-02,3414
ORD-C002-0-06,C002,2026-04-03,3470
ORD-C002-0-07,C002,2026-04-04,3860
ORD-C002-0-01,C002,2026-04-06,1790
ORD-C002-0-05,C002,2026-04-07,3660
ORD-C002-0-02,C002,2026-04-08,5210
ORD-C002-0-00,C002,2026-04-13,5070
ORD-C002-1-02,C002,2026-04-23,3910
ORD-C002-1-06,C002,2026-04-27,3360
ORD-C002-1-03,C002,2026-04-29,6060
ORD-C002-1-04,C002,2026-04-29,4850
ORD-C002-1-07,C002,2026-04-30,4460
ORD-C002-1-08,C002,2026-05-01,4452
ORD-C002-1-00,C002,2026-05-04,2530
ORD-C002-1-01,C002,2026-05-07,7130
ORD-C002-1-05,C002,2026-05-17,2930
ORD-C002-2-07,C002,2026-05-20,3690
ORD-C002-2-05,C002,2026-05-22,3400
ORD-C002-2-06,C002,2026-05-28,4570
ORD-C002-2-08,C002,2026-06-05,3003
ORD-C002-2-03,C002,2026-06-06,4950
ORD-C002-2-01,C002,2026-06-08,5200
ORD-C002-2-00,C002,2026-06-14,5690
ORD-C002-2-04,C002,2026-06-14,3430
ORD-C002-2-02,C002,2026-06-16,1980
ORD-C002-3-00,C002,2026-06-19,4860
ORD-C002-3-01,C002,2026-06-26,6090
ORD-C002-3-06,C002,2026-06-27,5075
ORD-C002-3-03,C002,2026-06-29,4820
ORD-C002-3-02,C002,2026-07-04,3140
ORD-C002-3-04,C002,2026-07-07,4850
ORD-C002-3-05,C002,2026-07-12,2250
ORD-C003-0-05,C003,2026-03-19,5749
ORD-C003-0-04,C003,2026-03-30,6810
ORD-C003-0-02,C003,2026-04-01,7770
ORD-C003-0-03,C003,2026-04-04,7170
ORD-C003-0-00,C003,2026-04-08,7660
ORD-C003-0-01,C003,2026-04-09,6710
ORD-C003-1-02,C003,2026-04-20,5720
ORD-C003-1-00,C003,2026-04-22,7270
ORD-C003-1-01,C003,2026-04-22,5360
ORD-C003-1-03,C003,2026-04-27,13370
ORD-C003-1-05,C003,2026-05-13,5839
ORD-C003-1-04,C003,2026-05-15,8560
ORD-C003-2-02,C003,2026-05-22,11040
ORD-C003-2-05,C003,2026-05-22,6330
ORD-C003-2-04,C003,2026-05-30,3510
ORD-C003-2-01,C003,2026-06-06,10430
ORD-C003-2-03,C003,2026-06-06,11500
ORD-C003-2-00,C003,2026-06-11,4100
ORD-C003-3-02,C003,2026-06-24,9350
ORD-C003-3-05,C003,2026-06-26,6530
ORD-C003-3-03,C003,2026-07-01,9670
ORD-C003-3-04,C003,2026-07-06,4220
ORD-C003-3-00,C003,2026-07-08,4190
ORD-C003-3-01,C003,2026-07-10,9860
ORD-C003-3-06,C003,2026-07-11,6293
ORD-C004-0-08,C004,2026-03-24,6270
ORD-C004-0-02,C004,2026-03-28,4240
ORD-C004-0-04,C004,2026-03-31,5590
ORD-C004-0-07,C004,2026-04-01,3430
ORD-C004-0-00,C004,2026-04-02,5290
ORD-C004-0-05,C004,2026-04-04,3930
ORD-C004-0-06,C004,2026-04-04,5720
ORD-C004-0-01,C004,2026-04-12,3830
ORD-C004-0-03,C004,2026-04-12,3150
ORD-C004-0-09,C004,2026-04-14,6442
ORD-C004-1-06,C004,2026-04-20,7943
ORD-C004-1-04,C004,2026-04-21,5100
ORD-C004-1-05,C004,2026-04-27,4410
ORD-C004-1-02,C004,2026-05-04,7550
ORD-C004-1-00,C004,2026-05-10,3340
ORD-C004-1-01,C004,2026-05-15,5870
ORD-C004-1-03,C004,2026-05-15,2410
ORD-C004-2-00,C004,2026-05-25,5610
ORD-C004-2-04,C004,2026-05-29,3940
ORD-C004-2-02,C004,2026-06-01,6330
ORD-C004-2-01,C004,2026-06-13,3100
ORD-C004-2-03,C004,2026-06-15,2460
ORD-C004-2-05,C004,2026-06-16,6539
ORD-C004-3-03,C004,2026-06-17,5268
ORD-C004-3-00,C004,2026-06-19,3330
ORD-C004-3-02,C004,2026-06-24,7740
ORD-C004-3-01,C004,2026-06-28,3580
ORD-C005-0-02,C005,2026-03-19,4860
ORD-C005-0-01,C005,2026-03-21,2000
ORD-C005-0-06,C005,2026-03-23,5790
ORD-C005-0-04,C005,2026-03-25,2220
ORD-C005-0-03,C005,2026-03-27,3100
ORD-C005-0-11,C005,2026-04-01,4398
ORD-C005-0-10,C005,2026-04-04,3720
ORD-C005-0-07,C005,2026-04-05,3730
ORD-C005-0-09,C005,2026-04-07,5060
ORD-C005-0-08,C005,2026-04-11,5400
ORD-C005-0-05,C005,2026-04-14,1720
ORD-C005-0-00,C005,2026-04-16,3020
ORD-C005-1-00,C005,2026-04-18,2290
ORD-C005-1-09,C005,2026-04-18,4809
ORD-C005-1-06,C005,2026-04-22,4070
ORD-C005-1-04,C005,2026-04-25,3880
ORD-C005-1-07,C005,2026-04-27,2290
ORD-C005-1-08,C005,2026-05-01,6380
ORD-C005-1-02,C005,2026-05-04,3270
ORD-C005-1-03,C005,2026-05-06,1960
ORD-C005-1-01,C005,2026-05-08,3200
ORD-C005-1-05,C005,2026-05-10,5810
ORD-C005-2-04,C005,2026-05-18,2160
ORD-C005-2-05,C005,2026-05-30,6730
ORD-C005-2-07,C005,2026-06-02,4435
ORD-C005-2-00,C005,2026-06-03,4880
ORD-C005-2-02,C005,2026-06-03,3860
ORD-C005-2-03,C005,2026-06-04,5140
ORD-C005-2-01,C005,2026-06-12,2950
ORD-C005-2-06,C005,2026-06-14,2060
ORD-C005-3-02,C005,2026-06-20,4460
ORD-C005-3-04,C005,2026-07-05,4360
ORD-C005-3-01,C005,2026-07-07,4550
ORD-C005-3-00,C005,2026-07-08,2380
ORD-C005-3-05,C005,2026-07-10,2530
ORD-C005-3-03,C005,2026-07-11,6820
ORD-C005-3-06,C005,2026-07-11,3621
ORD-C006-0-04,C006,2026-03-20,3500
ORD-C006-0-07,C006,2026-03-20,7080
ORD-C006-0-00,C006,2026-03-21,4580
ORD-C006-0-06,C006,2026-03-25,5490
ORD-C006-0-09,C006,2026-03-25,7860
ORD-C006-0-05,C006,2026-03-28,7650
ORD-C006-0-03,C006,2026-04-02,7890
ORD-C006-0-01,C006,2026-04-10,2600
ORD-C006-0-02,C006,2026-04-12,6050
ORD-C006-0-08,C006,2026-04-13,6640
ORD-C006-1-02,C006,2026-04-19,4820
ORD-C006-1-07,C006,2026-04-21,7340
ORD-C006-1-06,C006,2026-04-26,2770
ORD-C006-1-05,C006,2026-04-28,6040
ORD-C006-1-04,C006,2026-05-08,8600
ORD-C006-1-01,C006,2026-05-12,4860
ORD-C006-1-08,C006,2026-05-13,4633
ORD-C006-1-00,C006,2026-05-15,9130
ORD-C006-1-03,C006,2026-05-15,5480
ORD-C006-2-05,C006,2026-05-20,7610
ORD-C006-2-03,C006,2026-05-26,7150
ORD-C006-2-07,C006,2026-05-31,4845
ORD-C006-2-02,C006,2026-06-03,6270
ORD-C006-2-06,C006,2026-06-10,4830
ORD-C006-2-01,C006,2026-06-12,7120
ORD-C006-2-04,C006,2026-06-12,4190
ORD-C006-2-00,C006,2026-06-16,4080
ORD-C006-3-05,C006,2026-06-22,2980
ORD-C006-3-00,C006,2026-06-26,2980
ORD-C006-3-04,C006,2026-06-30,4730
ORD-C006-3-01,C006,2026-07-01,6760
ORD-C006-3-02,C006,2026-07-06,8340
ORD-C006-3-03,C006,2026-07-09,6350
ORD-C006-3-06,C006,2026-07-09,7172
ORD-C007-0-07,C007,2026-03-19,3960
ORD-C007-0-08,C007,2026-03-23,1370
ORD-C007-0-06,C007,2026-03-24,3420
ORD-C007-0-01,C007,2026-03-30,2750
ORD-C007-0-00,C007,2026-03-31,2730
ORD-C007-0-02,C007,2026-04-04,3730
ORD-C007-0-05,C007,2026-04-09,2700
ORD-C007-0-04,C007,2026-04-11,3340
ORD-C007-0-03,C007,2026-04-13,4380
ORD-C007-0-09,C007,2026-04-15,3541
ORD-C007-1-03,C007,2026-04-20,1490
ORD-C007-1-05,C007,2026-04-22,2600
ORD-C007-1-09,C007,2026-04-28,3760
ORD-C007-1-00,C007,2026-04-29,3500
ORD-C007-1-07,C007,2026-04-29,3350
ORD-C007-1-08,C007,2026-04-30,3490
ORD-C007-1-01,C007,2026-05-02,4140
ORD-C007-1-06,C007,2026-05-04,2660
ORD-C007-1-04,C007,2026-05-06,4130
ORD-C007-1-10,C007,2026-05-08,4779
ORD-C007-1-02,C007,2026-05-12,1370
ORD-C007-2-05,C007,2026-05-20,4560
ORD-C007-2-11,C007,2026-05-20,3750
ORD-C007-2-02,C007,2026-05-21,1310
ORD-C007-2-03,C007,2026-05-22,1900
ORD-C007-2-07,C007,2026-05-23,4060
ORD-C007-2-01,C007,2026-05-24,4740
ORD-C007-2-06,C007,2026-06-01,1650
ORD-C007-2-10,C007,2026-06-01,3460
ORD-C007-2-00,C007,2026-06-02,2240
ORD-C007-2-09,C007,2026-06-09,2010
ORD-C007-2-04,C007,2026-06-14,3120
ORD-C007-2-08,C007,2026-06-15,3800
ORD-C007-3-10,C007,2026-06-17,3460
ORD-C007-3-03,C007,2026-06-20,3350
ORD-C007-3-06,C007,2026-06-21,2090
ORD-C007-3-04,C007,2026-06-23,3490
ORD-C007-3-02,C007,2026-06-24,4410
ORD-C007-3-07,C007,2026-06-24,2120
ORD-C007-3-00,C007,2026-06-28,3820
ORD-C007-3-11,C007,2026-06-28,1692
ORD-C007-3-09,C007,2026-07-02,3490
ORD-C007-3-01,C007,2026-07-03,4350
ORD-C007-3-05,C007,2026-07-12,2950
ORD-C007-3-08,C007,2026-07-12,1640
ORD-C008-0-04,C008,2026-04-01,7400
ORD-C008-0-06,C008,2026-04-01,5031
ORD-C008-0-02,C008,2026-04-03,8910
ORD-C008-0-03,C008,2026-04-04,6930
ORD-C008-0-00,C008,2026-04-10,6950
ORD-C008-0-01,C008,2026-04-11,5500
ORD-C008-0-05,C008,2026-04-12,3290
ORD-C008-1-06,C008,2026-04-23,4649
ORD-C008-1-03,C008,2026-05-05,6690
ORD-C008-1-05,C008,2026-05-06,6950
ORD-C008-1-04,C008,2026-05-08,5370
ORD-C008-1-02,C008,2026-05-12,8950
ORD-C008-1-01,C008,2026-05-14,2790
ORD-C008-1-00,C008,2026-05-16,7930
ORD-C008-2-00,C008,2026-05-23,7890
ORD-C008-2-04,C008,2026-05-25,8350
ORD-C008-2-01,C008,2026-05-28,3310
ORD-C008-2-05,C008,2026-05-29,6100
ORD-C008-2-06,C008,2026-06-03,4579
ORD-C008-2-03,C008,2026-06-09,8610
ORD-C008-2-02,C008,2026-06-16,5990
ORD-C008-3-01,C008,2026-06-19,9200
ORD-C008-3-04,C008,2026-06-22,6900
ORD-C008-3-02,C008,2026-07-03,4560
ORD-C008-3-00,C008,2026-07-04,9580
ORD-C008-3-05,C008,2026-07-05,3580
ORD-C008-3-06,C008,2026-07-05,4955
ORD-C008-3-03,C008,2026-07-07,7560
ORD-C009-0-07,C009,2026-03-19,2240
ORD-C009-0-01,C009,2026-03-25,6140
ORD-C009-0-04,C009,2026-04-01,7270
ORD-C009-0-08,C009,2026-04-03,2340
ORD-C009-0-03,C009,2026-04-06,5800
ORD-C009-0-05,C009,2026-04-07,5550
ORD-C009-0-00,C009,2026-04-08,3020
ORD-C009-0-06,C009,2026-04-08,7170
ORD-C009-0-10,C009,2026-04-08,5618
ORD-C009-0-02,C009,2026-04-12,6520
ORD-C009-0-09,C009,2026-04-16,6030
ORD-C009-1-04,C009,2026-04-22,7250
ORD-C009-1-01,C009,2026-04-24,6200
ORD-C009-1-02,C009,2026-04-28,4040
ORD-C009-1-05,C009,2026-04-28,4700
ORD-C009-1-08,C009,2026-04-28,3120
ORD-C009-1-00,C009,2026-05-02,5580
ORD-C009-1-03,C009,2026-05-07,3670
ORD-C009-1-07,C009,2026-05-10,6490
ORD-C009-1-09,C009,2026-05-11,4753
ORD-C009-1-06,C009,2026-05-15,5000
ORD-C009-2-02,C009,2026-05-19,4780
ORD-C009-2-01,C009,2026-05-21,4430
ORD-C009-2-00,C009,2026-05-22,8630
ORD-C009-2-08,C009,2026-05-25,5111
ORD-C009-2-03,C009,2026-05-27,7140
ORD-C009-2-04,C009,2026-05-30,5540
ORD-C009-2-07,C009,2026-05-31,2980
ORD-C009-2-06,C009,2026-06-06,3760
ORD-C009-2-05,C009,2026-06-14,2870
ORD-C009-3-05,C009,2026-06-17,2530
ORD-C009-3-06,C009,2026-06-19,2380
ORD-C009-3-03,C009,2026-06-26,6130
ORD-C009-3-07,C009,2026-06-29,6437
ORD-C009-3-00,C009,2026-07-01,6270
ORD-C009-3-01,C009,2026-07-02,5980
ORD-C009-3-04,C009,2026-07-02,5100
ORD-C009-3-02,C009,2026-07-15,5550
ORD-C010-0-01,C010,2026-03-19,8540
ORD-C010-0-03,C010,2026-03-22,4510
ORD-C010-0-05,C010,2026-03-23,5440
ORD-C010-0-07,C010,2026-03-27,6480
ORD-C010-0-04,C010,2026-04-01,2520
ORD-C010-0-00,C010,2026-04-05,5510
ORD-C010-0-08,C010,2026-04-11,5276
ORD-C010-0-02,C010,2026-04-15,3600
ORD-C010-0-06,C010,2026-04-16,7980
ORD-C010-1-03,C010,2026-04-26,3220
ORD-C010-1-00,C010,2026-05-02,5850
ORD-C010-1-02,C010,2026-05-05,3170
ORD-C010-1-05,C010,2026-05-07,5820
ORD-C010-1-07,C010,2026-05-07,6026
ORD-C010-1-06,C010,2026-05-09,5200
ORD-C010-1-01,C010,2026-05-12,6160
ORD-C010-1-04,C010,2026-05-14,7490
ORD-C010-2-05,C010,2026-05-19,7060
ORD-C010-2-06,C010,2026-05-19,6029
ORD-C010-2-00,C010,2026-05-24,2510
ORD-C010-2-03,C010,2026-05-30,6260
ORD-C010-2-02,C010,2026-06-03,4030
ORD-C010-2-04,C010,2026-06-03,3730
ORD-C010-2-01,C010,2026-06-06,7260
ORD-C010-3-00,C010,2026-06-21,2290
ORD-C010-3-05,C010,2026-06-22,7569
ORD-C010-3-01,C010,2026-06-27,6450
ORD-C010-3-04,C010,2026-06-27,2970
ORD-C010-3-03,C010,2026-07-06,5250
ORD-C010-3-02,C010,2026-07-16,7010
ORD-C011-0-02,C011,2026-03-19,5310
ORD-C011-0-06,C011,2026-03-22,3710
ORD-C011-0-04,C011,2026-03-29,3790
ORD-C011-0-03,C011,2026-03-30,4180
ORD-C011-0-07,C011,2026-04-01,4043
ORD-C011-0-00,C011,2026-04-03,3280
ORD-C011-0-05,C011,2026-04-09,3800
ORD-C011-0-01,C011,2026-04-14,4290
ORD-C011-1-05,C011,2026-04-25,3441
ORD-C011-1-03,C011,2026-05-06,4340
ORD-C011-1-04,C011,2026-05-06,1530
ORD-C011-1-00,C011,2026-05-08,3900
ORD-C011-1-02,C011,2026-05-12,4500
ORD-C011-1-01,C011,2026-05-13,4800
ORD-C011-2-03,C011,2026-05-30,4813
ORD-C011-2-00,C011,2026-06-06,5280
ORD-C011-2-01,C011,2026-06-11,4590
ORD-C011-2-02,C011,2026-06-13,2520
ORD-C011-3-01,C011,2026-06-20,6410
ORD-C011-3-02,C011,2026-06-23,2316
ORD-C011-3-00,C011,2026-07-09,3040
ORD-C012-0-02,C012,2026-03-20,3460
ORD-C012-0-04,C012,2026-03-23,5300
ORD-C012-0-06,C012,2026-03-25,8940
ORD-C012-0-05,C012,2026-04-04,7900
ORD-C012-0-07,C012,2026-04-05,8615
ORD-C012-0-03,C012,2026-04-10,7300
ORD-C012-0-00,C012,2026-04-11,2510
ORD-C012-0-01,C012,2026-04-11,4610
ORD-C012-1-08,C012,2026-04-24,8075
ORD-C012-1-05,C012,2026-04-26,9110
ORD-C012-1-07,C012,2026-05-03,5030
ORD-C012-1-06,C012,2026-05-07,4940
ORD-C012-1-02,C012,2026-05-08,6280
ORD-C012-1-01,C012,2026-05-09,7280
ORD-C012-1-04,C012,2026-05-10,3700
ORD-C012-1-00,C012,2026-05-11,4810
ORD-C012-1-03,C012,2026-05-13,4730
ORD-C012-2-07,C012,2026-05-21,6180
ORD-C012-2-05,C012,2026-05-26,6670
ORD-C012-2-06,C012,2026-05-27,6270
ORD-C012-2-00,C012,2026-06-04,7790
ORD-C012-2-08,C012,2026-06-05,4960
ORD-C012-2-09,C012,2026-06-08,4898
ORD-C012-2-04,C012,2026-06-10,7940
ORD-C012-2-03,C012,2026-06-12,7690
ORD-C012-2-01,C012,2026-06-16,3700
ORD-C012-2-02,C012,2026-06-16,3810
ORD-C012-3-04,C012,2026-06-23,7640
ORD-C012-3-05,C012,2026-06-23,3310
ORD-C012-3-01,C012,2026-06-25,8480
ORD-C012-3-08,C012,2026-06-25,2850
ORD-C012-3-03,C012,2026-07-02,4680
ORD-C012-3-07,C012,2026-07-04,8890
ORD-C012-3-00,C012,2026-07-07,6050
ORD-C012-3-02,C012,2026-07-10,5020
ORD-C012-3-06,C012,2026-07-13,2590
ORD-C012-3-09,C012,2026-07-16,8686
ORD-C013-0-05,C013,2026-03-19,2410
ORD-C013-0-01,C013,2026-03-22,3790
ORD-C013-0-04,C013,2026-03-23,3590
ORD-C013-0-08,C013,2026-03-24,3550
ORD-C013-0-09,C013,2026-04-01,2720
ORD-C013-0-00,C013,2026-04-03,5610
ORD-C013-0-06,C013,2026-04-05,7760
ORD-C013-0-10,C013,2026-04-08,4167
ORD-C013-0-02,C013,2026-04-09,2770
ORD-C013-0-03,C013,2026-04-12,6730
ORD-C013-0-07,C013,2026-04-17,3500
ORD-C013-1-05,C013,2026-04-19,2950
ORD-C013-1-08,C013,2026-04-23,1900
ORD-C013-1-09,C013,2026-05-01,4065
ORD-C013-1-00,C013,2026-05-05,5710
ORD-C013-1-01,C013,2026-05-11,5450
ORD-C013-1-02,C013,2026-05-11,3650
ORD-C013-1-03,C013,2026-05-15,2400
ORD-C013-1-04,C013,2026-05-17,5840
ORD-C013-1-06,C013,2026-05-17,4410
ORD-C013-1-07,C013,2026-05-17,5590
ORD-C013-2-02,C013,2026-05-18,4890
ORD-C013-2-01,C013,2026-05-19,1990
ORD-C013-2-06,C013,2026-05-21,4960
ORD-C013-2-03,C013,2026-05-27,5200
ORD-C013-2-08,C013,2026-05-28,4911
ORD-C013-2-04,C013,2026-06-05,2850
ORD-C013-2-05,C013,2026-06-06,3240
ORD-C013-2-00,C013,2026-06-15,4750
ORD-C013-2-07,C013,2026-06-16,5060
ORD-C013-3-00,C013,2026-06-20,2840
ORD-C013-3-02,C013,2026-06-22,4030
ORD-C013-3-06,C013,2026-06-25,3690
ORD-C013-3-01,C013,2026-06-27,6080
ORD-C013-3-04,C013,2026-07-01,5850
ORD-C013-3-05,C013,2026-07-07,5450
ORD-C013-3-07,C013,2026-07-09,2420
ORD-C013-3-03,C013,2026-07-10,3800
ORD-C014-0-02,C014,2026-03-21,6540
ORD-C014-0-05,C014,2026-03-22,2960
ORD-C014-0-07,C014,2026-03-23,7160
ORD-C014-0-06,C014,2026-03-24,6920
ORD-C014-0-01,C014,2026-03-29,6230
ORD-C014-0-03,C014,2026-03-31,5240
ORD-C014-0-08,C014,2026-04-03,6750
ORD-C014-0-00,C014,2026-04-04,3020
ORD-C014-0-04,C014,2026-04-09,6350
ORD-C014-1-02,C014,2026-04-19,4350
ORD-C014-1-04,C014,2026-04-21,7970
ORD-C014-1-07,C014,2026-04-23,7740
ORD-C014-1-01,C014,2026-04-25,4260
ORD-C014-1-06,C014,2026-04-27,4660
ORD-C014-1-08,C014,2026-04-30,2530
ORD-C014-1-05,C014,2026-05-02,9430
ORD-C014-1-03,C014,2026-05-09,4170
ORD-C014-1-09,C014,2026-05-09,7237
ORD-C014-1-00,C014,2026-05-10,4810
ORD-C014-2-00,C014,2026-05-22,5910
ORD-C014-2-04,C014,2026-05-29,3190
ORD-C014-2-05,C014,2026-05-31,8830
ORD-C014-2-01,C014,2026-06-01,8680
ORD-C014-2-09,C014,2026-06-02,3299
ORD-C014-2-07,C014,2026-06-04,6700
ORD-C014-2-03,C014,2026-06-06,4550
ORD-C014-2-06,C014,2026-06-09,4440
ORD-C014-2-02,C014,2026-06-10,7330
ORD-C014-2-08,C014,2026-06-16,3900
ORD-C014-3-03,C014,2026-06-18,6480
ORD-C014-3-02,C014,2026-06-20,6850
ORD-C014-3-08,C014,2026-06-23,5090
ORD-C014-3-07,C014,2026-07-03,5080
ORD-C014-3-05,C014,2026-07-04,5490
ORD-C014-3-01,C014,2026-07-05,6710
ORD-C014-3-09,C014,2026-07-05,4122
ORD-C014-3-04,C014,2026-07-13,5990
ORD-C014-3-06,C014,2026-07-15,6630
ORD-C014-3-00,C014,2026-07-16,6450
ORD-C015-0-05,C015,2026-03-20,4520
ORD-C015-0-00,C015,2026-03-23,3750
ORD-C015-0-02,C015,2026-04-01,5110
ORD-C015-0-03,C015,2026-04-02,3340
ORD-C015-0-07,C015,2026-04-02,5310
ORD-C015-0-01,C015,2026-04-04,2140
ORD-C015-0-06,C015,2026-04-05,3540
ORD-C015-0-04,C015,2026-04-06,4360
ORD-C015-0-08,C015,2026-04-09,3350
ORD-C015-0-09,C015,2026-04-13,1682
ORD-C015-1-01,C015,2026-04-19,2380
ORD-C015-1-07,C015,2026-04-19,6913
ORD-C015-1-04,C015,2026-04-20,3690
ORD-C015-1-06,C015,2026-05-03,5060
ORD-C015-1-00,C015,2026-05-05,4290
ORD-C015-1-03,C015,2026-05-16,2250
ORD-C015-1-02,C015,2026-05-17,3930
ORD-C015-1-05,C015,2026-05-17,2720
ORD-C015-2-01,C015,2026-05-30,2440
ORD-C015-2-06,C015,2026-05-30,3364
ORD-C015-2-02,C015,2026-06-01,2220
ORD-C015-2-03,C015,2026-06-14,4630
ORD-C015-2-00,C015,2026-06-15,2940
ORD-C015-2-04,C015,2026-06-16,5040
ORD-C015-2-05,C015,2026-06-16,6150
ORD-C015-3-04,C015,2026-06-21,4250
ORD-C015-3-00,C015,2026-06-22,3050
ORD-C015-3-02,C015,2026-06-29,4280
ORD-C015-3-03,C015,2026-07-03,3750
ORD-C015-3-01,C015,2026-07-04,4370
ORD-C015-3-05,C015,2026-07-10,2936
ORD-C016-0-08,C016,2026-03-20,2580
ORD-C016-0-07,C016,2026-03-22,3270
ORD-C016-0-00,C016,2026-03-23,6010
ORD-C016-0-02,C016,2026-03-25,4990
ORD-C016-0-01,C016,2026-03-27,5350
ORD-C016-0-05,C016,2026-04-11,4820
ORD-C016-0-06,C016,2026-04-12,3470
ORD-C016-0-09,C016,2026-04-13,3659
ORD-C016-0-04,C016,2026-04-16,3650
ORD-C016-0-03,C016,2026-04-17,6010
ORD-C016-1-00,C016,2026-04-19,4830
ORD-C016-1-09,C016,2026-04-19,5860
ORD-C016-1-10,C016,2026-04-22,2797
ORD-C016-1-05,C016,2026-04-24,1950
ORD-C016-1-03,C016,2026-04-25,5940
ORD-C016-1-01,C016,2026-04-30,4610
ORD-C016-1-02,C016,2026-05-02,6170
ORD-C016-1-04,C016,2026-05-05,2790
ORD-C016-1-06,C016,2026-05-12,4510
ORD-C016-1-08,C016,2026-05-12,4890
ORD-C016-1-07,C016,2026-05-15,3790
ORD-C016-2-04,C016,2026-05-19,3490
ORD-C016-2-10,C016,2026-05-23,5330
ORD-C016-2-00,C016,2026-05-25,4480
ORD-C016-2-03,C016,2026-05-26,5700
ORD-C016-2-02,C016,2026-05-27,6150
ORD-C016-2-01,C016,2026-05-31,3330
ORD-C016-2-05,C016,2026-06-04,4990
ORD-C016-2-06,C016,2026-06-05,5380
ORD-C016-2-08,C016,2026-06-10,3400
ORD-C016-2-07,C016,2026-06-15,3500
ORD-C016-2-09,C016,2026-06-16,2550
ORD-C016-3-11,C016,2026-06-18,5238
ORD-C016-3-07,C016,2026-06-21,3150
ORD-C016-3-01,C016,2026-06-24,3670
ORD-C016-3-03,C016,2026-06-24,6300
ORD-C016-3-04,C016,2026-06-26,6150
ORD-C016-3-09,C016,2026-07-01,2330
ORD-C016-3-00,C016,2026-07-02,4630
ORD-C016-3-06,C016,2026-07-09,5400
ORD-C016-3-08,C016,2026-07-12,3620
ORD-C016-3-02,C016,2026-07-14,4000
ORD-C016-3-05,C016,2026-07-14,4850
ORD-C016-3-10,C016,2026-07-16,3430
ORD-C017-0-15,C017,2026-03-19,5077
ORD-C017-0-00,C017,2026-03-25,3760
ORD-C017-0-07,C017,2026-03-25,5280
ORD-C017-0-09,C017,2026-03-25,1790
ORD-C017-0-13,C017,2026-03-28,4230
ORD-C017-0-12,C017,2026-03-29,2530
ORD-C017-0-08,C017,2026-04-03,4960
ORD-C017-0-06,C017,2026-04-05,4120
ORD-C017-0-03,C017,2026-04-06,1960
ORD-C017-0-05,C017,2026-04-09,2260
ORD-C017-0-04,C017,2026-04-11,2420
ORD-C017-0-02,C017,2026-04-12,3740
ORD-C017-0-01,C017,2026-04-13,5470
ORD-C017-0-10,C017,2026-04-15,4450
ORD-C017-0-11,C017,2026-04-17,2200
ORD-C017-0-14,C017,2026-04-17,3930
ORD-C017-1-11,C017,2026-04-21,2601
ORD-C017-1-05,C017,2026-04-26,5270
ORD-C017-1-04,C017,2026-04-27,4590
ORD-C017-1-03,C017,2026-04-29,4560
ORD-C017-1-06,C017,2026-04-29,4340
ORD-C017-1-00,C017,2026-05-02,2300
ORD-C017-1-10,C017,2026-05-02,2760
ORD-C017-1-09,C017,2026-05-03,2420
ORD-C017-1-07,C017,2026-05-04,4380
ORD-C017-1-01,C017,2026-05-05,2210
ORD-C017-1-02,C017,2026-05-08,4540
ORD-C017-1-08,C017,2026-05-16,3080
ORD-C017-2-02,C017,2026-05-18,4800
ORD-C017-2-01,C017,2026-05-22,4630
ORD-C017-2-03,C017,2026-05-26,2860
ORD-C017-2-04,C017,2026-06-04,2350
ORD-C017-2-06,C017,2026-06-05,1660
ORD-C017-2-07,C017,2026-06-05,5246
ORD-C017-2-00,C017,2026-06-10,4980
ORD-C017-2-05,C017,2026-06-16,2830
ORD-C017-3-04,C017,2026-06-25,4520
ORD-C017-3-03,C017,2026-06-27,2820
ORD-C017-3-00,C017,2026-07-04,5280
ORD-C017-3-01,C017,2026-07-07,3150
ORD-C017-3-02,C017,2026-07-08,2650
ORD-C017-3-05,C017,2026-07-11,2902
ORD-C018-0-03,C018,2026-03-24,6530
ORD-C018-0-02,C018,2026-04-03,7730
ORD-C018-0-01,C018,2026-04-05,10300
ORD-C018-0-06,C018,2026-04-05,3986
ORD-C018-0-00,C018,2026-04-11,9150
ORD-C018-0-05,C018,2026-04-16,8940
ORD-C018-0-04,C018,2026-04-17,3970
ORD-C018-1-02,C018,2026-04-18,6150
ORD-C018-1-00,C018,2026-04-19,9500
ORD-C018-1-04,C018,2026-04-22,2930
ORD-C018-1-03,C018,2026-05-01,8410
ORD-C018-1-01,C018,2026-05-12,9260
ORD-C018-1-05,C018,2026-05-14,8258
ORD-C018-2-00,C018,2026-05-19,11750
ORD-C018-2-01,C018,2026-06-06,4890
ORD-C018-2-02,C018,2026-06-07,5900
ORD-C018-2-03,C018,2026-06-08,6730
ORD-C018-2-04,C018,2026-06-16,9610
ORD-C018-3-02,C018,2026-06-17,9310
ORD-C018-3-03,C018,2026-06-17,3847
ORD-C018-3-01,C018,2026-06-30,9260
ORD-C018-3-00,C018,2026-07-04,10770
ORD-C019-0-03,C019,2026-03-21,1590
ORD-C019-0-08,C019,2026-03-26,2000
ORD-C019-0-10,C019,2026-03-26,2190
ORD-C019-0-00,C019,2026-03-27,3920
ORD-C019-0-11,C019,2026-03-28,2380
ORD-C019-0-04,C019,2026-03-30,5200
ORD-C019-0-02,C019,2026-03-31,5950
ORD-C019-0-05,C019,2026-03-31,4570
ORD-C019-0-06,C019,2026-04-02,5170
ORD-C019-0-07,C019,2026-04-06,5640
ORD-C019-0-12,C019,2026-04-09,3900
ORD-C019-0-09,C019,2026-04-10,1950
ORD-C019-0-01,C019,2026-04-13,2760
ORD-C019-0-13,C019,2026-04-14,5224
ORD-C019-1-05,C019,2026-04-19,3290
ORD-C019-1-01,C019,2026-04-21,4560
ORD-C019-1-07,C019,2026-04-24,1800
ORD-C019-1-06,C019,2026-04-25,4100
ORD-C019-1-13,C019,2026-05-03,4161
ORD-C019-1-03,C019,2026-05-04,5050
ORD-C019-1-12,C019,2026-05-06,5170
ORD-C019-1-10,C019,2026-05-10,3850
ORD-C019-1-00,C019,2026-05-15,5460
ORD-C019-1-09,C019,2026-05-15,2330
ORD-C019-1-02,C019,2026-05-16,5510
ORD-C019-1-08,C019,2026-05-16,1580
ORD-C019-1-11,C019,2026-05-16,3550
ORD-C019-1-04,C019,2026-05-17,1970
ORD-C019-2-01,C019,2026-05-23,5870
ORD-C019-2-03,C019,2026-05-25,2870
ORD-C019-2-00,C019,2026-05-27,2820
ORD-C019-2-11,C019,2026-05-28,5390
ORD-C019-2-07,C019,2026-05-30,5530
ORD-C019-2-12,C019,2026-05-30,5390
ORD-C019-2-10,C019,2026-06-04,2230
ORD-C019-2-02,C019,2026-06-05,4750
ORD-C019-2-04,C019,2026-06-05,4090
ORD-C019-2-08,C019,2026-06-08,1630
ORD-C019-2-13,C019,2026-06-11,5916
ORD-C019-2-05,C019,2026-06-13,4630
ORD-C019-2-06,C019,2026-06-14,2400
ORD-C019-2-09,C019,2026-06-15,2520
ORD-C019-3-13,C019,2026-06-19,3030
ORD-C019-3-08,C019,2026-06-22,1880
ORD-C019-3-03,C019,2026-06-24,1890
ORD-C019-3-04,C019,2026-06-28,4950
ORD-C019-3-06,C019,2026-06-29,1980
ORD-C019-3-12,C019,2026-06-29,5980
ORD-C019-3-07,C019,2026-06-30,2590
ORD-C019-3-01,C019,2026-07-01,5160
ORD-C019-3-02,C019,2026-07-02,4690
ORD-C019-3-05,C019,2026-07-04,3120
ORD-C019-3-10,C019,2026-07-05,4350
ORD-C019-3-09,C019,2026-07-08,4310
ORD-C019-3-11,C019,2026-07-08,4260
ORD-C019-3-14,C019,2026-07-11,4432
ORD-C019-3-00,C019,2026-07-12,4920
ORD-C020-0-00,C020,2026-03-19,5680
ORD-C020-0-08,C020,2026-03-21,3880
ORD-C020-0-06,C020,2026-03-22,5770
ORD-C020-0-07,C020,2026-03-23,6400
ORD-C020-0-09,C020,2026-03-24,2628
ORD-C020-0-05,C020,2026-03-27,6240
ORD-C020-0-01,C020,2026-03-28,6750
ORD-C020-0-03,C020,2026-03-30,2480
ORD-C020-0-02,C020,2026-04-02,6250
ORD-C020-0-04,C020,2026-04-12,2910
ORD-C020-1-02,C020,2026-04-18,5020
ORD-C020-1-07,C020,2026-04-20,6638
ORD-C020-1-03,C020,2026-04-27,2590
ORD-C020-1-01,C020,2026-04-30,5290
ORD-C020-1-05,C020,2026-04-30,5270
ORD-C020-1-04,C020,2026-05-01,2510
ORD-C020-1-06,C020,2026-05-12,5520
ORD-C020-1-00,C020,2026-05-15,4540
ORD-C020-2-01,C020,2026-05-22,4500
ORD-C020-2-00,C020,2026-05-23,5330
ORD-C020-2-02,C020,2026-05-26,6680
ORD-C020-2-04,C020,2026-05-26,4300
ORD-C020-2-03,C020,2026-05-27,2900
ORD-C020-2-05,C020,2026-06-02,5129
ORD-C020-3-01,C020,2026-06-19,4730
ORD-C020-3-03,C020,2026-06-25,5986
ORD-C020-3-02,C020,2026-06-28,5760
ORD-C020-3-00,C020,2026-07-12,4530
ORD-C021-0-01,C021,2026-03-29,9350
ORD-C021-0-00,C021,2026-03-31,11330
ORD-C021-0-04,C021,2026-03-31,7010
ORD-C021-0-03,C021,2026-04-07,8420
ORD-C021-0-05,C021,2026-04-13,4160
ORD-C021-0-02,C021,2026-04-14,7350
ORD-C021-0-06,C021,2026-04-15,3009
ORD-C021-1-03,C021,2026-04-24,9790
ORD-C021-1-00,C021,2026-04-28,5440
ORD-C021-1-05,C021,2026-04-28,3840
ORD-C021-1-04,C021,2026-05-03,10730
ORD-C021-1-01,C021,2026-05-07,5480
ORD-C021-1-02,C021,2026-05-10,9430
ORD-C021-2-02,C021,2026-05-25,6550
ORD-C021-2-03,C021,2026-05-28,10720
ORD-C021-2-04,C021,2026-05-30,9695
ORD-C021-2-00,C021,2026-06-05,5130
ORD-C021-2-01,C021,2026-06-12,7340
ORD-C021-3-01,C021,2026-06-22,9390
ORD-C021-3-00,C021,2026-07-04,5150
ORD-C021-3-04,C021,2026-07-04,4471
ORD-C021-3-02,C021,2026-07-08,5860
ORD-C021-3-03,C021,2026-07-11,10610
ORD-C022-0-04,C022,2026-03-23,7300
ORD-C022-0-07,C022,2026-03-26,7634
ORD-C022-0-06,C022,2026-03-28,2600
ORD-C022-0-01,C022,2026-04-01,6840
ORD-C022-0-03,C022,2026-04-03,3500
ORD-C022-0-05,C022,2026-04-08,7510
ORD-C022-0-02,C022,2026-04-09,8230
ORD-C022-0-00,C022,2026-04-13,2320
ORD-C022-1-01,C022,2026-04-30,4040
ORD-C022-1-03,C022,2026-05-04,5890
ORD-C022-1-02,C022,2026-05-05,6270
ORD-C022-1-00,C022,2026-05-06,4860
ORD-C022-1-04,C022,2026-05-17,6490
ORD-C022-1-05,C022,2026-05-17,7723
ORD-C022-2-01,C022,2026-06-04,4360
ORD-C022-2-02,C022,2026-06-06,2150
ORD-C022-2-03,C022,2026-06-07,7550
ORD-C022-2-00,C022,2026-06-12,6980
ORD-C022-2-04,C022,2026-06-16,6001
ORD-C022-3-01,C022,2026-06-22,8710
ORD-C022-3-00,C022,2026-06-28,3300
ORD-C022-3-02,C022,2026-07-07,7824
ORD-C023-0-04,C023,2026-03-26,5290
ORD-C023-0-06,C023,2026-03-30,4590
ORD-C023-0-07,C023,2026-03-31,1790
ORD-C023-0-05,C023,2026-04-02,2700
ORD-C023-0-08,C023,2026-04-02,1760
ORD-C023-0-00,C023,2026-04-05,3850
ORD-C023-0-01,C023,2026-04-06,3650
ORD-C023-0-03,C023,2026-04-06,3990
ORD-C023-0-10,C023,2026-04-09,4378
ORD-C023-0-02,C023,2026-04-10,3980
ORD-C023-0-09,C023,2026-04-12,2260
ORD-C023-1-11,C023,2026-04-20,3684
ORD-C023-1-05,C023,2026-04-21,3490
ORD-C023-1-00,C023,2026-04-24,4290
ORD-C023-1-10,C023,2026-04-28,3010
ORD-C023-1-03,C023,2026-04-29,1670
ORD-C023-1-06,C023,2026-05-02,6030
ORD-C023-1-09,C023,2026-05-02,2210
ORD-C023-1-02,C023,2026-05-03,3160
ORD-C023-1-04,C023,2026-05-03,2040
ORD-C023-1-01,C023,2026-05-04,3880
ORD-C023-1-08,C023,2026-05-10,5930
ORD-C023-1-07,C023,2026-05-11,2090
ORD-C023-2-10,C023,2026-05-18,1950
ORD-C023-2-04,C023,2026-05-23,3890
ORD-C023-2-05,C023,2026-05-23,4000
ORD-C023-2-00,C023,2026-05-25,2510
ORD-C023-2-02,C023,2026-05-30,1780
ORD-C023-2-09,C023,2026-05-30,2010
ORD-C023-2-08,C023,2026-05-31,2290
ORD-C023-2-12,C023,2026-06-06,5114
ORD-C023-2-03,C023,2026-06-07,4680
ORD-C023-2-06,C023,2026-06-07,1970
ORD-C023-2-07,C023,2026-06-08,5220
ORD-C023-2-11,C023,2026-06-10,3540
ORD-C023-2-01,C023,2026-06-12,4530
ORD-C023-3-11,C023,2026-06-20,2940
ORD-C023-3-05,C023,2026-06-27,2570
ORD-C023-3-12,C023,2026-06-28,2230
ORD-C023-3-13,C023,2026-06-28,1878
ORD-C023-3-07,C023,2026-06-29,4740
ORD-C023-3-09,C023,2026-06-29,4760
ORD-C023-3-02,C023,2026-07-02,3200
ORD-C023-3-03,C023,2026-07-03,1420
ORD-C023-3-10,C023,2026-07-05,3650
ORD-C023-3-06,C023,2026-07-06,4360
ORD-C023-3-08,C023,2026-07-06,3820
ORD-C023-3-04,C023,2026-07-07,2300
ORD-C023-3-00,C023,2026-07-08,5110
ORD-C023-3-01,C023,2026-07-14,3290
ORD-C024-0-00,C024,2026-03-28,8350
ORD-C024-0-03,C024,2026-04-06,7366
ORD-C024-0-02,C024,2026-04-07,8130
ORD-C024-0-01,C024,2026-04-17,6740
ORD-C024-1-03,C024,2026-04-22,8728
ORD-C024-1-00,C024,2026-04-23,5710
ORD-C024-1-01,C024,2026-04-29,6390
ORD-C024-1-02,C024,2026-05-10,6170
ORD-C024-2-02,C024,2026-05-23,5274
ORD-C024-2-00,C024,2026-05-30,9440
ORD-C024-2-01,C024,2026-05-31,8400
ORD-C024-3-01,C024,2026-06-22,5770
ORD-C024-3-02,C024,2026-07-04,8302
ORD-C024-3-00,C024,2026-07-16,5430
ORD-C025-0-01,C025,2026-03-23,5150
ORD-C025-0-02,C025,2026-03-25,4300
ORD-C025-0-04,C025,2026-03-31,7880
ORD-C025-0-00,C025,2026-04-03,4140
ORD-C025-0-06,C025,2026-04-04,10625
ORD-C025-0-05,C025,2026-04-05,9910
ORD-C025-0-03,C025,2026-04-14,9720
ORD-C025-1-04,C025,2026-04-19,7160
ORD-C025-1-02,C025,2026-04-25,7600
ORD-C025-1-06,C025,2026-04-25,8279
ORD-C025-1-05,C025,2026-04-26,4610
ORD-C025-1-03,C025,2026-04-27,9610
ORD-C025-1-01,C025,2026-05-12,6840
ORD-C025-1-00,C025,2026-05-13,9090
ORD-C025-2-07,C025,2026-05-19,4159
ORD-C025-2-03,C025,2026-05-29,10020
ORD-C025-2-01,C025,2026-06-04,4670
ORD-C025-2-04,C025,2026-06-04,10230
ORD-C025-2-00,C025,2026-06-11,8110
ORD-C025-2-06,C025,2026-06-11,4160
ORD-C025-2-02,C025,2026-06-13,7360
ORD-C025-2-05,C025,2026-06-13,8220
ORD-C025-3-04,C025,2026-06-19,8980
ORD-C025-3-07,C025,2026-06-20,10140
ORD-C025-3-00,C025,2026-06-25,9180
ORD-C025-3-01,C025,2026-06-28,6500
ORD-C025-3-05,C025,2026-07-01,8290
ORD-C025-3-08,C025,2026-07-11,3064
ORD-C025-3-03,C025,2026-07-13,6370
ORD-C025-3-02,C025,2026-07-14,4630
ORD-C025-3-06,C025,2026-07-14,4880
ORD-C026-0-02,C026,2026-03-24,5020
ORD-C026-0-08,C026,2026-03-27,5240
ORD-C026-0-05,C026,2026-03-28,4420
ORD-C026-0-06,C026,2026-03-28,3570
ORD-C026-0-03,C026,2026-03-29,4790
ORD-C026-0-10,C026,2026-04-04,5340
ORD-C026-0-01,C026,2026-04-05,2550
ORD-C026-0-07,C026,2026-04-06,4450
ORD-C026-0-00,C026,2026-04-07,5370
ORD-C026-0-12,C026,2026-04-09,4047
ORD-C026-0-04,C026,2026-04-10,5600
ORD-C026-0-09,C026,2026-04-15,5370
ORD-C026-0-11,C026,2026-04-16,4230
ORD-C026-1-06,C026,2026-04-22,6650
ORD-C026-1-00,C026,2026-04-25,7720
ORD-C026-1-09,C026,2026-04-26,3220
ORD-C026-1-04,C026,2026-04-30,2640
ORD-C026-1-05,C026,2026-05-03,4100
ORD-C026-1-07,C026,2026-05-06,6950
ORD-C026-1-08,C026,2026-05-08,3130
ORD-C026-1-10,C026,2026-05-08,4405
ORD-C026-1-03,C026,2026-05-09,5010
ORD-C026-1-01,C026,2026-05-12,3150
ORD-C026-1-02,C026,2026-05-14,7280
ORD-C026-2-02,C026,2026-05-18,5380
ORD-C026-2-07,C026,2026-05-20,7070
ORD-C026-2-00,C026,2026-05-28,4160
ORD-C026-2-09,C026,2026-06-01,7150
ORD-C026-2-01,C026,2026-06-05,4370
ORD-C026-2-06,C026,2026-06-10,3400
ORD-C026-2-08,C026,2026-06-10,3910
ORD-C026-2-04,C026,2026-06-11,2370
ORD-C026-2-03,C026,2026-06-14,6760
ORD-C026-2-05,C026,2026-06-14,4730
ORD-C026-3-04,C026,2026-06-21,3500
ORD-C026-3-00,C026,2026-06-26,4630
ORD-C026-3-01,C026,2026-06-27,4930
ORD-C026-3-07,C026,2026-07-02,3960
ORD-C026-3-02,C026,2026-07-04,5660
ORD-C026-3-03,C026,2026-07-05,5400
ORD-C026-3-05,C026,2026-07-05,6230
ORD-C026-3-08,C026,2026-07-12,3150
ORD-C026-3-06,C026,2026-07-14,5540
ORD-C027-0-04,C027,2026-03-23,6840
ORD-C027-0-08,C027,2026-03-24,4750
ORD-C027-0-01,C027,2026-03-25,6220
ORD-C027-0-07,C027,2026-03-28,7300
ORD-C027-0-00,C027,2026-04-01,4150
ORD-C027-0-06,C027,2026-04-08,2800
ORD-C027-0-02,C027,2026-04-10,2340
ORD-C027-0-09,C027,2026-04-15,2041
ORD-C027-0-05,C027,2026-04-16,4860
ORD-C027-0-03,C027,2026-04-17,2650
ORD-C027-1-07,C027,2026-04-20,3549
ORD-C027-1-04,C027,2026-04-25,3430
ORD-C027-1-00,C027,2026-04-27,6160
ORD-C027-1-05,C027,2026-05-01,6020
ORD-C027-1-06,C027,2026-05-08,2430
ORD-C027-1-02,C027,2026-05-10,4810
ORD-C027-1-01,C027,2026-05-11,2960
ORD-C027-1-03,C027,2026-05-12,2840
ORD-C027-2-00,C027,2026-05-18,6080
ORD-C027-2-01,C027,2026-05-18,1960
ORD-C027-2-05,C027,2026-05-21,5944
ORD-C027-2-03,C027,2026-05-28,2730
ORD-C027-2-02,C027,2026-06-09,4750
ORD-C027-2-04,C027,2026-06-13,3280
ORD-C027-3-01,C027,2026-06-19,4350
ORD-C027-3-00,C027,2026-06-29,7600
ORD-C027-3-02,C027,2026-07-10,2680
ORD-C027-3-03,C027,2026-07-12,2326
ORD-C028-0-05,C028,2026-03-19,10650
ORD-C028-0-02,C028,2026-03-21,11900
ORD-C028-0-01,C028,2026-03-23,6340
ORD-C028-0-03,C028,2026-04-04,4610
ORD-C028-0-04,C028,2026-04-06,10840
ORD-C028-0-06,C028,2026-04-07,4564
ORD-C028-0-00,C028,2026-04-09,4270
ORD-C028-1-00,C028,2026-04-20,7780
ORD-C028-1-02,C028,2026-04-21,8350
ORD-C028-1-05,C028,2026-04-21,5890
ORD-C028-1-03,C028,2026-04-22,7610
ORD-C028-1-06,C028,2026-05-06,8070
ORD-C028-1-07,C028,2026-05-11,9438
ORD-C028-1-04,C028,2026-05-12,3830
ORD-C028-1-01,C028,2026-05-16,6120
ORD-C028-2-04,C028,2026-05-18,6200
ORD-C028-2-01,C028,2026-05-27,13160
ORD-C028-2-00,C028,2026-06-06,7280
ORD-C028-2-07,C028,2026-06-08,9486
ORD-C028-2-03,C028,2026-06-09,4800
ORD-C028-2-02,C028,2026-06-11,6580
ORD-C028-2-05,C028,2026-06-14,4240
ORD-C028-2-06,C028,2026-06-14,9000
ORD-C028-3-03,C028,2026-06-20,4360
ORD-C028-3-00,C028,2026-06-24,10110
ORD-C028-3-04,C028,2026-06-24,6060
ORD-C028-3-02,C028,2026-06-29,7860
ORD-C028-3-01,C028,2026-07-02,4500
ORD-C028-3-05,C028,2026-07-02,8190
ORD-C028-3-07,C028,2026-07-06,9433
ORD-C028-3-06,C028,2026-07-07,9340
ORD-C029-0-04,C029,2026-03-24,6490
ORD-C029-0-01,C029,2026-03-30,12200
ORD-C029-0-00,C029,2026-04-01,4040
ORD-C029-0-06,C029,2026-04-03,11714
ORD-C029-0-02,C029,2026-04-05,3450
ORD-C029-0-03,C029,2026-04-09,6930
ORD-C029-0-05,C029,2026-04-12,7190
ORD-C029-1-00,C029,2026-04-19,13880
ORD-C029-1-04,C029,2026-04-27,6420
ORD-C029-1-02,C029,2026-04-30,3770
ORD-C029-1-03,C029,2026-05-04,4320
ORD-C029-1-05,C029,2026-05-08,4026
ORD-C029-1-01,C029,2026-05-13,11900
ORD-C029-2-04,C029,2026-05-20,8041
ORD-C029-2-02,C029,2026-05-22,6260
ORD-C029-2-03,C029,2026-05-26,6080
ORD-C029-2-00,C029,2026-06-04,8650
ORD-C029-2-01,C029,2026-06-06,9100
ORD-C029-3-01,C029,2026-06-27,8950
ORD-C029-3-02,C029,2026-06-29,5680
ORD-C029-3-00,C029,2026-07-04,6810
ORD-C029-3-03,C029,2026-07-05,12099
ORD-C030-0-00,C030,2026-03-20,6230
ORD-C030-0-02,C030,2026-03-21,6530
ORD-C030-0-05,C030,2026-03-22,6850
ORD-C030-0-01,C030,2026-03-26,7520
ORD-C030-0-04,C030,2026-04-01,6640
ORD-C030-0-06,C030,2026-04-02,7601
ORD-C030-0-03,C030,2026-04-17,2570
ORD-C030-1-00,C030,2026-04-18,8780
ORD-C030-1-01,C030,2026-04-23,3610
ORD-C030-1-03,C030,2026-04-29,9210
ORD-C030-1-02,C030,2026-05-03,9280
ORD-C030-1-04,C030,2026-05-04,4730
ORD-C030-1-05,C030,2026-05-04,3210
ORD-C030-1-06,C030,2026-05-13,4374
ORD-C030-2-05,C030,2026-05-20,6770
ORD-C030-2-03,C030,2026-05-26,6880
ORD-C030-2-06,C030,2026-05-26,2870
ORD-C030-2-00,C030,2026-05-28,7340
ORD-C030-2-02,C030,2026-05-31,4480
ORD-C030-2-04,C030,2026-06-03,7670
ORD-C030-2-07,C030,2026-06-09,7840
ORD-C030-2-01,C030,2026-06-12,3760
ORD-C030-3-01,C030,2026-06-20,7070
ORD-C030-3-06,C030,2026-06-20,3680
ORD-C030-3-07,C030,2026-06-24,3612
ORD-C030-3-03,C030,2026-07-05,6210
ORD-C030-3-04,C030,2026-07-08,2860
ORD-C030-3-05,C030,2026-07-10,8770
ORD-C030-3-00,C030,2026-07-11,9620
ORD-C030-3-02,C030,2026-07-15,6100
ORD-C031-0-03,C031,2026-03-23,3380
ORD-C031-0-04,C031,2026-03-24,3718
ORD-C031-0-00,C031,2026-03-30,10510
ORD-C031-0-01,C031,2026-03-31,3290
ORD-C031-0-02,C031,2026-04-17,11670
ORD-C031-1-03,C031,2026-04-25,7889
ORD-C031-1-02,C031,2026-05-01,5600
ORD-C031-1-01,C031,2026-05-08,7530
ORD-C031-1-00,C031,2026-05-11,7990
ORD-C031-2-00,C031,2026-05-20,5640
ORD-C031-2-03,C031,2026-05-21,5207
ORD-C031-2-02,C031,2026-05-29,9070
ORD-C031-2-01,C031,2026-06-05,6460
ORD-C031-3-02,C031,2026-06-18,4414
ORD-C031-3-01,C031,2026-07-03,10640
ORD-C031-3-00,C031,2026-07-12,7200
ORD-C032-0-05,C032,2026-03-26,4530
ORD-C032-0-02,C032,2026-03-28,5470
ORD-C032-0-07,C032,2026-03-30,2340
ORD-C032-0-06,C032,2026-04-02,6070
ORD-C032-0-00,C032,2026-04-06,8820
ORD-C032-0-08,C032,2026-04-06,3648
ORD-C032-0-04,C032,2026-04-07,8070
ORD-C032-0-03,C032,2026-04-11,4220
ORD-C032-0-01,C032,2026-04-13,2760
ORD-C032-1-00,C032,2026-04-18,6220
ORD-C032-1-01,C032,2026-04-25,6340
ORD-C032-1-03,C032,2026-04-29,5080
ORD-C032-1-02,C032,2026-05-05,5280
ORD-C032-1-04,C032,2026-05-08,4190
ORD-C032-1-06,C032,2026-05-10,2300
ORD-C032-1-05,C032,2026-05-14,5380
ORD-C032-1-07,C032,2026-05-16,6021
ORD-C032-2-03,C032,2026-05-19,4970
ORD-C032-2-04,C032,2026-05-22,7510
ORD-C032-2-00,C032,2026-05-25,2400
ORD-C032-2-06,C032,2026-05-26,3779
ORD-C032-2-01,C032,2026-05-31,4680
ORD-C032-2-02,C032,2026-06-02,7650
ORD-C032-2-05,C032,2026-06-09,4490
ORD-C032-3-01,C032,2026-06-19,7090
ORD-C032-3-03,C032,2026-06-20,4820
ORD-C032-3-05,C032,2026-06-21,3991
ORD-C032-3-04,C032,2026-07-03,5840
ORD-C032-3-02,C032,2026-07-05,6960
ORD-C032-3-00,C032,2026-07-10,2410
ORD-C033-0-06,C033,2026-03-29,5910
ORD-C033-0-07,C033,2026-03-29,11185
ORD-C033-0-02,C033,2026-03-31,8740
ORD-C033-0-03,C033,2026-04-10,3740
ORD-C033-0-05,C033,2026-04-11,4380
ORD-C033-0-01,C033,2026-04-13,6880
ORD-C033-0-04,C033,2026-04-14,9410
ORD-C033-0-00,C033,2026-04-17,9170
ORD-C033-1-00,C033,2026-04-21,7590
ORD-C033-1-04,C033,2026-04-24,10650
ORD-C033-1-08,C033,2026-04-26,6245
ORD-C033-1-06,C033,2026-04-27,4240
ORD-C033-1-02,C033,2026-04-29,12330
ORD-C033-1-05,C033,2026-05-02,4270
ORD-C033-1-07,C033,2026-05-02,7560
ORD-C033-1-01,C033,2026-05-05,5470
ORD-C033-1-03,C033,2026-05-12,4530
ORD-C033-2-09,C033,2026-05-18,8247
ORD-C033-2-03,C033,2026-05-19,5040
ORD-C033-2-08,C033,2026-05-23,3810
ORD-C033-2-06,C033,2026-05-26,4330
ORD-C033-2-05,C033,2026-05-27,7400
ORD-C033-2-00,C033,2026-05-29,9370
ORD-C033-2-01,C033,2026-05-30,3350
ORD-C033-2-02,C033,2026-06-03,9020
ORD-C033-2-04,C033,2026-06-08,8200
ORD-C033-2-07,C033,2026-06-13,9400
ORD-C033-3-09,C033,2026-06-19,9815
ORD-C033-3-01,C033,2026-06-21,10460
ORD-C033-3-02,C033,2026-06-23,7830
ORD-C033-3-00,C033,2026-06-24,11320
ORD-C033-3-05,C033,2026-06-28,3830
ORD-C033-3-04,C033,2026-06-29,3770
ORD-C033-3-07,C033,2026-07-07,4010
ORD-C033-3-08,C033,2026-07-07,3480
ORD-C033-3-06,C033,2026-07-08,9930
ORD-C033-3-03,C033,2026-07-13,7780
ORD-C034-0-04,C034,2026-03-23,4384
ORD-C034-0-02,C034,2026-04-02,12640
ORD-C034-0-01,C034,2026-04-08,6530
ORD-C034-0-03,C034,2026-04-13,3920
ORD-C034-0-00,C034,2026-04-16,10100
ORD-C034-1-00,C034,2026-04-19,3130
ORD-C034-1-01,C034,2026-04-23,8680
ORD-C034-1-04,C034,2026-05-01,9374
ORD-C034-1-03,C034,2026-05-06,3350
ORD-C034-1-02,C034,2026-05-17,8400
ORD-C034-2-00,C034,2026-05-23,10330
ORD-C034-2-02,C034,2026-05-24,3250
ORD-C034-2-01,C034,2026-05-29,6510
ORD-C034-2-03,C034,2026-06-16,9094
ORD-C034-3-00,C034,2026-06-18,5440
ORD-C034-3-01,C034,2026-07-06,6410
ORD-C034-3-02,C034,2026-07-06,12735
ORD-C035-0-01,C035,2026-03-25,7990
ORD-C035-0-06,C035,2026-03-26,5829
ORD-C035-0-00,C035,2026-04-01,7740
ORD-C035-0-05,C035,2026-04-04,3430
ORD-C035-0-02,C035,2026-04-08,6780
ORD-C035-0-04,C035,2026-04-13,6620
ORD-C035-0-03,C035,2026-04-16,9900
ORD-C035-1-07,C035,2026-04-18,5481
ORD-C035-1-06,C035,2026-04-23,5890
ORD-C035-1-05,C035,2026-04-26,4640
ORD-C035-1-03,C035,2026-04-28,8870
ORD-C035-1-04,C035,2026-04-30,7480
ORD-C035-1-02,C035,2026-05-04,7570
ORD-C035-1-01,C035,2026-05-06,7610
ORD-C035-1-00,C035,2026-05-17,6470
ORD-C035-2-02,C035,2026-05-21,9330
ORD-C035-2-01,C035,2026-05-23,4190
ORD-C035-2-00,C035,2026-05-25,4950
ORD-C035-2-03,C035,2026-05-25,8440
ORD-C035-2-05,C035,2026-05-25,10060
ORD-C035-2-06,C035,2026-05-26,6550
ORD-C035-2-07,C035,2026-06-04,8366
ORD-C035-2-04,C035,2026-06-08,2980
ORD-C035-3-01,C035,2026-06-22,8250
ORD-C035-3-02,C035,2026-06-22,2570
ORD-C035-3-03,C035,2026-06-24,8770
ORD-C035-3-05,C035,2026-06-27,7780
ORD-C035-3-04,C035,2026-07-05,3650
ORD-C035-3-08,C035,2026-07-09,7733
ORD-C035-3-07,C035,2026-07-10,4540
ORD-C035-3-06,C035,2026-07-12,7460
ORD-C035-3-00,C035,2026-07-14,7580
ORD-C036-0-00,C036,2026-03-23,6190
ORD-C036-0-02,C036,2026-03-25,9280
ORD-C036-0-01,C036,2026-04-06,8280
ORD-C036-0-04,C036,2026-04-13,8057
ORD-C036-0-03,C036,2026-04-14,6130
ORD-C036-1-01,C036,2026-04-19,6200
ORD-C036-1-00,C036,2026-04-20,9120
ORD-C036-1-02,C036,2026-04-25,4820
ORD-C036-1-03,C036,2026-05-07,6188
ORD-C036-2-02,C036,2026-05-24,3889
ORD-C036-2-01,C036,2026-06-06,10020
ORD-C036-2-00,C036,2026-06-16,6440
ORD-C036-3-00,C036,2026-06-22,9680
ORD-C036-3-01,C036,2026-07-16,5718
ORD-C037-0-00,C037,2026-03-21,7250
ORD-C037-0-06,C037,2026-03-22,2840
ORD-C037-0-08,C037,2026-03-28,4471
ORD-C037-0-07,C037,2026-03-29,5490
ORD-C037-0-01,C037,2026-03-30,7670
ORD-C037-0-04,C037,2026-03-31,6630
ORD-C037-0-05,C037,2026-04-06,3030
ORD-C037-0-03,C037,2026-04-09,3070
ORD-C037-0-02,C037,2026-04-10,2510
ORD-C037-1-07,C037,2026-04-23,4960
ORD-C037-1-03,C037,2026-04-25,3670
ORD-C037-1-09,C037,2026-04-27,5855
ORD-C037-1-02,C037,2026-04-29,5080
ORD-C037-1-08,C037,2026-04-30,4270
ORD-C037-1-05,C037,2026-05-06,3910
ORD-C037-1-00,C037,2026-05-07,3130
ORD-C037-1-04,C037,2026-05-09,4640
ORD-C037-1-01,C037,2026-05-13,6240
ORD-C037-1-06,C037,2026-05-14,3100
ORD-C037-2-07,C037,2026-05-21,5940
ORD-C037-2-04,C037,2026-05-25,5570
ORD-C037-2-00,C037,2026-05-28,5740
ORD-C037-2-09,C037,2026-06-02,2772
ORD-C037-2-06,C037,2026-06-05,6370
ORD-C037-2-03,C037,2026-06-06,1800
ORD-C037-2-05,C037,2026-06-07,4880
ORD-C037-2-02,C037,2026-06-12,2750
ORD-C037-2-01,C037,2026-06-16,3380
ORD-C037-2-08,C037,2026-06-16,4850
ORD-C037-3-03,C037,2026-06-17,7450
ORD-C037-3-08,C037,2026-06-19,5495
ORD-C037-3-05,C037,2026-06-23,6900
ORD-C037-3-06,C037,2026-06-24,2390
ORD-C037-3-04,C037,2026-06-25,2840
ORD-C037-3-01,C037,2026-06-27,6110
ORD-C037-3-02,C037,2026-07-01,3230
ORD-C037-3-07,C037,2026-07-09,5900
ORD-C037-3-00,C037,2026-07-15,2680
ORD-C038-0-12,C038,2026-03-19,4592
ORD-C038-0-10,C038,2026-03-20,2910
ORD-C038-0-07,C038,2026-03-21,3070
ORD-C038-0-05,C038,2026-03-24,3090
ORD-C038-0-04,C038,2026-03-26,3170
ORD-C038-0-11,C038,2026-03-28,4770
ORD-C038-0-06,C038,2026-04-02,2050
ORD-C038-0-00,C038,2026-04-06,2810
ORD-C038-0-01,C038,2026-04-08,4600
ORD-C038-0-03,C038,2026-04-09,1570
ORD-C038-0-02,C038,2026-04-12,4320
ORD-C038-0-08,C038,2026-04-13,4990
ORD-C038-0-09,C038,2026-04-15,2810
ORD-C038-1-06,C038,2026-04-19,3850
ORD-C038-1-07,C038,2026-04-21,5380
ORD-C038-1-01,C038,2026-04-23,5610
ORD-C038-1-05,C038,2026-04-23,4650
ORD-C038-1-09,C038,2026-04-24,4050
ORD-C038-1-10,C038,2026-04-24,4140
ORD-C038-1-08,C038,2026-04-28,1860
ORD-C038-1-04,C038,2026-05-01,3100
ORD-C038-1-11,C038,2026-05-01,3570
ORD-C038-1-02,C038,2026-05-07,1780
ORD-C038-1-00,C038,2026-05-08,2850
ORD-C038-1-12,C038,2026-05-10,1586
ORD-C038-1-03,C038,2026-05-16,2200
ORD-C038-2-03,C038,2026-05-18,4360
ORD-C038-2-08,C038,2026-05-20,3610
ORD-C038-2-02,C038,2026-05-21,3830
ORD-C038-2-11,C038,2026-05-21,1850
ORD-C038-2-05,C038,2026-05-23,1880
ORD-C038-2-01,C038,2026-05-24,5520
ORD-C038-2-04,C038,2026-05-24,2760
ORD-C038-2-07,C038,2026-05-27,3870
ORD-C038-2-12,C038,2026-05-27,5070
ORD-C038-2-00,C038,2026-06-02,3890
ORD-C038-2-09,C038,2026-06-02,1700
ORD-C038-2-06,C038,2026-06-07,3180
ORD-C038-2-13,C038,2026-06-12,4204
ORD-C038-2-10,C038,2026-06-14,1480
ORD-C038-3-12,C038,2026-06-18,2730
ORD-C038-3-02,C038,2026-06-19,4500
ORD-C038-3-01,C038,2026-06-20,3720
ORD-C038-3-10,C038,2026-06-24,3610
ORD-C038-3-04,C038,2026-06-28,3970
ORD-C038-3-14,C038,2026-06-29,4923
ORD-C038-3-07,C038,2026-06-30,3180
ORD-C038-3-06,C038,2026-07-04,5520
ORD-C038-3-11,C038,2026-07-04,2530
ORD-C038-3-09,C038,2026-07-05,2700
ORD-C038-3-00,C038,2026-07-08,3310
ORD-C038-3-03,C038,2026-07-08,1920
ORD-C038-3-08,C038,2026-07-11,3530
ORD-C038-3-05,C038,2026-07-12,2350
ORD-C038-3-13,C038,2026-07-13,1790
ORD-C039-0-03,C039,2026-03-26,9075
ORD-C039-0-00,C039,2026-04-03,8710
ORD-C039-0-01,C039,2026-04-06,5680
ORD-C039-0-02,C039,2026-04-16,6570
ORD-C039-1-01,C039,2026-04-19,4310
ORD-C039-1-02,C039,2026-05-04,12927
ORD-C039-1-00,C039,2026-05-10,8470
ORD-C039-2-02,C039,2026-05-21,7425
ORD-C039-2-01,C039,2026-05-22,6980
ORD-C039-2-00,C039,2026-06-06,7430
ORD-C039-3-00,C039,2026-06-22,7130
ORD-C039-3-01,C039,2026-06-23,4350
ORD-C039-3-02,C039,2026-07-12,7129
ORD-C040-0-03,C040,2026-03-21,9760
ORD-C040-0-04,C040,2026-03-21,5140
ORD-C040-0-05,C040,2026-03-31,11100
ORD-C040-0-07,C040,2026-03-31,8910
ORD-C040-0-06,C040,2026-04-05,4620
ORD-C040-0-08,C040,2026-04-05,6272
ORD-C040-0-00,C040,2026-04-11,5050
ORD-C040-0-02,C040,2026-04-13,3950
ORD-C040-0-01,C040,2026-04-17,3610
ORD-C040-1-05,C040,2026-04-21,7280
ORD-C040-1-07,C040,2026-04-21,5730
ORD-C040-1-00,C040,2026-04-22,5020
ORD-C040-1-01,C040,2026-05-06,4640
ORD-C040-1-02,C040,2026-05-06,6030
ORD-C040-1-03,C040,2026-05-06,9190
ORD-C040-1-08,C040,2026-05-06,5688
ORD-C040-1-04,C040,2026-05-12,8530
ORD-C040-1-06,C040,2026-05-17,6520
ORD-C040-2-07,C040,2026-05-19,6020
ORD-C040-2-01,C040,2026-05-22,7450
ORD-C040-2-00,C040,2026-05-30,7400
ORD-C040-2-06,C040,2026-05-30,6570
ORD-C040-2-08,C040,2026-05-30,5360
ORD-C040-2-02,C040,2026-06-06,7990
ORD-C040-2-03,C040,2026-06-06,8070
ORD-C040-2-04,C040,2026-06-08,8060
ORD-C040-2-05,C040,2026-06-09,3970
ORD-C040-2-09,C040,2026-06-15,3381
ORD-C040-3-03,C040,2026-06-20,6140
ORD-C040-3-06,C040,2026-06-21,5100
ORD-C040-3-05,C040,2026-06-24,5360
ORD-C040-3-07,C040,2026-06-26,8560
ORD-C040-3-09,C040,2026-07-01,8925
ORD-C040-3-02,C040,2026-07-08,2910
ORD-C040-3-01,C040,2026-07-09,7770
ORD-C040-3-08,C040,2026-07-10,4890
ORD-C040-3-00,C040,2026-07-14,9210
ORD-C040-3-04,C040,2026-07-14,4570
ORD-C041-0-06,C041,2026-03-20,8510
ORD-C041-0-04,C041,2026-03-30,2880
ORD-C041-0-00,C041,2026-04-03,7560
ORD-C041-0-02,C041,2026-04-04,7250
ORD-C041-0-07,C041,2026-04-04,5048
ORD-C041-0-01,C041,2026-04-12,4460
ORD-C041-0-05,C041,2026-04-14,5290
ORD-C041-0-03,C041,2026-04-15,6400
ORD-C041-1-01,C041,2026-04-18,2800
ORD-C041-1-02,C041,2026-04-23,7310
ORD-C041-1-03,C041,2026-04-24,5160
ORD-C041-1-00,C041,2026-05-06,7880
ORD-C041-1-05,C041,2026-05-14,6006
ORD-C041-1-04,C041,2026-05-16,7800
ORD-C041-2-02,C041,2026-05-24,5720
ORD-C041-2-03,C041,2026-05-26,5995
ORD-C041-2-00,C041,2026-05-29,8330
ORD-C041-2-01,C041,2026-06-09,6100
ORD-C041-3-01,C041,2026-06-20,6510
ORD-C041-3-02,C041,2026-07-08,5965
ORD-C041-3-00,C041,2026-07-16,5730
ORD-C042-0-00,C042,2026-03-24,2850
ORD-C042-0-03,C042,2026-03-27,4000
ORD-C042-0-06,C042,2026-04-10,5332
ORD-C042-0-04,C042,2026-04-11,9420
ORD-C042-0-01,C042,2026-04-14,5520
ORD-C042-0-05,C042,2026-04-14,7200
ORD-C042-0-02,C042,2026-04-16,7260
ORD-C042-1-02,C042,2026-04-24,3770
ORD-C042-1-00,C042,2026-04-25,4170
ORD-C042-1-03,C042,2026-04-26,11680
ORD-C042-1-05,C042,2026-05-01,5390
ORD-C042-1-06,C042,2026-05-04,5460
ORD-C042-1-04,C042,2026-05-08,10960
ORD-C042-1-01,C042,2026-05-09,3550
ORD-C042-2-00,C042,2026-05-26,2670
ORD-C042-2-07,C042,2026-05-26,2589
ORD-C042-2-03,C042,2026-05-27,2580
ORD-C042-2-01,C042,2026-06-06,8400
ORD-C042-2-06,C042,2026-06-07,7050
ORD-C042-2-04,C042,2026-06-09,9390
ORD-C042-2-05,C042,2026-06-09,7400
ORD-C042-2-02,C042,2026-06-12,8310
ORD-C042-3-01,C042,2026-06-17,5830
ORD-C042-3-00,C042,2026-06-20,6220
ORD-C042-3-06,C042,2026-06-28,9510
ORD-C042-3-02,C042,2026-07-03,5600
ORD-C042-3-07,C042,2026-07-04,5986
ORD-C042-3-03,C042,2026-07-08,4810
ORD-C042-3-04,C042,2026-07-13,6570
ORD-C042-3-05,C042,2026-07-13,8300
ORD-C043-0-03,C043,2026-03-27,3550
ORD-C043-0-04,C043,2026-03-27,3200
ORD-C043-0-01,C043,2026-03-29,7580
ORD-C043-0-00,C043,2026-04-08,7890
ORD-C043-0-05,C043,2026-04-08,10641
ORD-C043-0-02,C043,2026-04-15,5090
ORD-C043-1-05,C043,2026-04-28,7610
ORD-C043-1-03,C043,2026-04-30,2980
ORD-C043-1-02,C043,2026-05-07,3900
ORD-C043-1-04,C043,2026-05-09,6780
ORD-C043-1-06,C043,2026-05-09,7044
ORD-C043-1-00,C043,2026-05-13,6450
ORD-C043-1-01,C043,2026-05-13,7570
ORD-C043-2-04,C043,2026-05-24,9650
ORD-C043-2-05,C043,2026-05-28,5740
ORD-C043-2-00,C043,2026-06-05,3680
ORD-C043-2-02,C043,2026-06-05,6460
ORD-C043-2-01,C043,2026-06-09,2790
ORD-C043-2-06,C043,2026-06-10,8331
ORD-C043-2-03,C043,2026-06-13,4890
ORD-C043-3-00,C043,2026-06-22,7330
ORD-C043-3-05,C043,2026-06-22,4850
ORD-C043-3-06,C043,2026-06-26,4435
ORD-C043-3-04,C043,2026-07-04,8930
ORD-C043-3-02,C043,2026-07-08,6810
ORD-C043-3-01,C043,2026-07-13,7140
ORD-C043-3-03,C043,2026-07-15,5670
ORD-C044-0-00,C044,2026-03-24,3820
ORD-C044-0-03,C044,2026-03-29,10110
ORD-C044-0-04,C044,2026-04-08,9703
ORD-C044-0-01,C044,2026-04-09,4080
ORD-C044-0-02,C044,2026-04-16,5240
ORD-C044-1-02,C044,2026-04-28,8540
ORD-C044-1-03,C044,2026-04-29,5068
ORD-C044-1-00,C044,2026-05-13,3350
ORD-C044-1-01,C044,2026-05-16,5460
ORD-C044-2-01,C044,2026-05-19,4120
ORD-C044-2-00,C044,2026-06-02,3900
ORD-C044-2-02,C044,2026-06-14,7791
ORD-C044-3-01,C044,2026-06-19,5656
ORD-C044-3-00,C044,2026-07-06,5990
ORD-C045-0-07,C045,2026-03-23,3570
ORD-C045-0-00,C045,2026-03-25,5930
ORD-C045-0-01,C045,2026-03-29,3890
ORD-C045-0-02,C045,2026-04-01,3340
ORD-C045-0-06,C045,2026-04-02,8870
ORD-C045-0-03,C045,2026-04-06,7470
ORD-C045-0-04,C045,2026-04-16,6360
ORD-C045-0-05,C045,2026-04-17,5500
ORD-C045-1-00,C045,2026-04-18,4170
ORD-C045-1-06,C045,2026-04-23,6198
ORD-C045-1-03,C045,2026-04-24,5270
ORD-C045-1-02,C045,2026-04-26,7140
ORD-C045-1-01,C045,2026-05-02,6730
ORD-C045-1-04,C045,2026-05-12,6190
ORD-C045-1-05,C045,2026-05-12,3270
ORD-C045-2-05,C045,2026-05-18,5416
ORD-C045-2-01,C045,2026-05-30,3480
ORD-C045-2-04,C045,2026-05-30,3280
ORD-C045-2-00,C045,2026-05-31,6440
ORD-C045-2-02,C045,2026-05-31,7920
ORD-C045-2-03,C045,2026-06-02,7880
ORD-C045-3-03,C045,2026-06-17,3940
ORD-C045-3-02,C045,2026-06-23,8020
ORD-C045-3-01,C045,2026-07-03,6050
ORD-C045-3-04,C045,2026-07-08,7452
ORD-C045-3-00,C045,2026-07-13,4210
ORD-C046-0-05,C046,2026-03-23,2760
ORD-C046-0-12,C046,2026-03-24,5411
ORD-C046-0-11,C046,2026-03-25,5000
ORD-C046-0-01,C046,2026-03-29,6760
ORD-C046-0-06,C046,2026-03-29,5300
ORD-C046-0-09,C046,2026-03-30,2400
ORD-C046-0-02,C046,2026-04-01,3550
ORD-C046-0-08,C046,2026-04-03,2530
ORD-C046-0-00,C046,2026-04-04,2140
ORD-C046-0-04,C046,2026-04-09,4090
ORD-C046-0-10,C046,2026-04-12,8120
ORD-C046-0-03,C046,2026-04-16,7670
ORD-C046-0-07,C046,2026-04-16,4050
ORD-C046-1-11,C046,2026-04-18,2010
ORD-C046-1-04,C046,2026-04-19,5740
ORD-C046-1-06,C046,2026-04-19,5770
ORD-C046-1-12,C046,2026-04-19,6536
ORD-C046-1-08,C046,2026-04-21,2720
ORD-C046-1-00,C046,2026-04-26,6930
ORD-C046-1-02,C046,2026-05-05,3990
ORD-C046-1-03,C046,2026-05-07,3040
ORD-C046-1-05,C046,2026-05-07,2510
ORD-C046-1-09,C046,2026-05-08,3790
ORD-C046-1-07,C046,2026-05-09,4990
ORD-C046-1-01,C046,2026-05-12,6770
ORD-C046-1-10,C046,2026-05-14,5320
ORD-C046-2-02,C046,2026-05-21,4010
ORD-C046-2-06,C046,2026-05-21,5780
ORD-C046-2-08,C046,2026-05-21,3570
ORD-C046-2-10,C046,2026-05-21,5600
ORD-C046-2-12,C046,2026-05-24,5280
ORD-C046-2-07,C046,2026-05-27,5420
ORD-C046-2-11,C046,2026-06-02,3390
ORD-C046-2-03,C046,2026-06-03,4950
ORD-C046-2-05,C046,2026-06-06,2730
ORD-C046-2-13,C046,2026-06-06,2639
ORD-C046-2-04,C046,2026-06-10,4540
ORD-C046-2-09,C046,2026-06-12,5590
ORD-C046-2-00,C046,2026-06-13,5750
ORD-C046-2-01,C046,2026-06-15,4220
ORD-C046-3-03,C046,2026-06-19,3090
ORD-C046-3-06,C046,2026-06-19,2150
ORD-C046-3-09,C046,2026-06-20,7310
ORD-C046-3-02,C046,2026-06-21,4950
ORD-C046-3-13,C046,2026-06-24,7160
ORD-C046-3-11,C046,2026-06-25,1940
ORD-C046-3-14,C046,2026-07-01,6758
ORD-C046-3-01,C046,2026-07-02,3440
ORD-C046-3-05,C046,2026-07-03,3630
ORD-C046-3-12,C046,2026-07-07,5800
ORD-C046-3-00,C046,2026-07-08,3080
ORD-C046-3-07,C046,2026-07-10,4790
ORD-C046-3-08,C046,2026-07-10,3120
ORD-C046-3-04,C046,2026-07-11,5990
ORD-C046-3-10,C046,2026-07-15,3830
ORD-C047-0-09,C047,2026-03-21,4500
ORD-C047-0-14,C047,2026-03-22,4204
ORD-C047-0-00,C047,2026-03-24,5550
ORD-C047-0-13,C047,2026-03-24,4980
ORD-C047-0-06,C047,2026-03-27,2620
ORD-C047-0-01,C047,2026-03-29,2640
ORD-C047-0-12,C047,2026-03-29,1590
ORD-C047-0-02,C047,2026-03-30,3350
ORD-C047-0-10,C047,2026-03-30,1800
ORD-C047-0-04,C047,2026-04-02,2130
ORD-C047-0-05,C047,2026-04-07,1570
ORD-C047-0-08,C047,2026-04-11,2710
ORD-C047-0-11,C047,2026-04-14,4590
ORD-C047-0-03,C047,2026-04-16,1820
ORD-C047-0-07,C047,2026-04-16,4770
ORD-C047-1-02,C047,2026-04-21,2180
ORD-C047-1-01,C047,2026-04-23,4670
ORD-C047-1-03,C047,2026-05-01,2590
ORD-C047-1-10,C047,2026-05-02,1408
ORD-C047-1-06,C047,2026-05-03,3540
ORD-C047-1-05,C047,2026-05-06,4080
ORD-C047-1-08,C047,2026-05-06,1610
ORD-C047-1-09,C047,2026-05-09,3710
ORD-C047-1-07,C047,2026-05-13,4070
ORD-C047-1-00,C047,2026-05-15,2640
ORD-C047-1-04,C047,2026-05-17,4260
ORD-C047-2-06,C047,2026-05-19,5580
ORD-C047-2-07,C047,2026-05-20,1973
ORD-C047-2-02,C047,2026-05-21,2950
ORD-C047-2-04,C047,2026-05-31,4340
ORD-C047-2-05,C047,2026-06-01,5000
ORD-C047-2-01,C047,2026-06-02,3040
ORD-C047-2-03,C047,2026-06-15,1550
ORD-C047-2-00,C047,2026-06-16,2200
ORD-C047-3-01,C047,2026-06-24,2510
ORD-C047-3-04,C047,2026-06-27,4260
ORD-C047-3-05,C047,2026-07-03,3516
ORD-C047-3-00,C047,2026-07-05,2300
ORD-C047-3-02,C047,2026-07-08,4020
ORD-C047-3-03,C047,2026-07-14,3910
ORD-C048-0-06,C048,2026-03-19,8680
ORD-C048-0-05,C048,2026-03-20,5840
ORD-C048-0-02,C048,2026-04-05,3690
ORD-C048-0-04,C048,2026-04-07,5000
ORD-C048-0-07,C048,2026-04-08,6175
ORD-C048-0-00,C048,2026-04-14,7360
ORD-C048-0-01,C048,2026-04-14,8890
ORD-C048-0-03,C048,2026-04-16,8560
ORD-C048-1-02,C048,2026-04-19,6490
ORD-C048-1-04,C048,2026-04-25,4030
ORD-C048-1-01,C048,2026-04-26,6790
ORD-C048-1-00,C048,2026-04-28,10260
ORD-C048-1-03,C048,2026-05-04,6710
ORD-C048-1-05,C048,2026-05-05,8780
ORD-C048-1-06,C048,2026-05-08,5282
ORD-C048-2-03,C048,2026-05-21,7310
ORD-C048-2-02,C048,2026-05-28,3880
ORD-C048-2-01,C048,2026-06-01,10820
ORD-C048-2-00,C048,2026-06-02,6700
ORD-C048-2-04,C048,2026-06-02,8530
ORD-C048-2-05,C048,2026-06-10,3959
ORD-C048-3-00,C048,2026-06-19,10500
ORD-C048-3-02,C048,2026-07-06,7930
ORD-C048-3-03,C048,2026-07-06,9480
ORD-C048-3-04,C048,2026-07-07,3549
ORD-C048-3-01,C048,2026-07-12,4640
ORD-C049-0-00,C049,2026-03-26,5160
ORD-C049-0-03,C049,2026-03-29,8130
ORD-C049-0-02,C049,2026-04-02,4370
ORD-C049-0-04,C049,2026-04-05,10390
ORD-C049-0-06,C049,2026-04-07,3144
ORD-C049-0-05,C049,2026-04-12,5640
ORD-C049-0-01,C049,2026-04-15,6810
ORD-C049-1-04,C049,2026-04-27,3920
ORD-C049-1-00,C049,2026-04-29,8490
ORD-C049-1-06,C049,2026-05-04,3040
ORD-C049-1-05,C049,2026-05-05,9020
ORD-C049-1-02,C049,2026-05-08,6340
ORD-C049-1-03,C049,2026-05-13,7150
ORD-C049-1-01,C049,2026-05-14,9550
ORD-C049-2-04,C049,2026-05-21,8640
ORD-C049-2-02,C049,2026-05-24,9200
ORD-C049-2-03,C049,2026-05-24,6170
ORD-C049-2-00,C049,2026-05-26,5290
ORD-C049-2-01,C049,2026-06-06,3290
ORD-C049-2-06,C049,2026-06-14,5554
ORD-C049-2-05,C049,2026-06-16,8040
ORD-C049-3-01,C049,2026-06-20,5250
ORD-C049-3-04,C049,2026-07-01,2930
ORD-C049-3-05,C049,2026-07-01,4970
ORD-C049-3-00,C049,2026-07-05,4830
ORD-C049-3-07,C049,2026-07-05,7774
ORD-C049-3-06,C049,2026-07-08,8370
ORD-C049-3-02,C049,2026-07-11,7410
ORD-C049-3-03,C049,2026-07-15,6980
ORD-C050-0-08,C050,2026-03-23,5202
ORD-C050-0-02,C050,2026-03-24,5150
ORD-C050-0-05,C050,2026-03-24,7850
ORD-C050-0-04,C050,2026-04-06,2360
ORD-C050-0-03,C050,2026-04-10,5340
ORD-C050-0-06,C050,2026-04-11,7250
ORD-C050-0-07,C050,2026-04-14,5050
ORD-C050-0-00,C050,2026-04-17,7970
ORD-C050-0-01,C050,2026-04-17,2890
ORD-C050-1-05,C050,2026-04-22,4990
ORD-C050-1-06,C050,2026-04-22,6250
ORD-C050-1-02,C050,2026-04-27,6230
ORD-C050-1-01,C050,2026-04-28,6570
ORD-C050-1-00,C050,2026-04-30,2900
ORD-C050-1-07,C050,2026-05-01,6800
ORD-C050-1-03,C050,2026-05-02,4350
ORD-C050-1-08,C050,2026-05-07,3854
ORD-C050-1-04,C050,2026-05-13,8060
ORD-C050-2-05,C050,2026-05-22,5690
ORD-C050-2-08,C050,2026-05-23,2910
ORD-C050-2-00,C050,2026-05-27,5630
ORD-C050-2-02,C050,2026-05-29,3440
ORD-C050-2-09,C050,2026-06-03,5220
ORD-C050-2-07,C050,2026-06-07,5260
ORD-C050-2-01,C050,2026-06-08,5890
ORD-C050-2-04,C050,2026-06-08,6500
ORD-C050-2-06,C050,2026-06-09,6910
ORD-C050-2-03,C050,2026-06-16,5630
ORD-C050-3-04,C050,2026-06-17,4520
ORD-C050-3-07,C050,2026-06-17,5270
ORD-C050-3-10,C050,2026-06-18,4382
ORD-C050-3-06,C050,2026-06-20,6440
ORD-C050-3-09,C050,2026-06-21,6200
ORD-C050-3-08,C050,2026-06-29,5090
ORD-C050-3-02,C050,2026-06-30,5270
ORD-C050-3-05,C050,2026-07-03,4630
ORD-C050-3-03,C050,2026-07-12,5520
ORD-C050-3-01,C050,2026-07-14,4900
ORD-C050-3-00,C050,2026-07-15,4420
ORD-C051-0-00,C051,2026-03-22,4370
ORD-C051-0-07,C051,2026-03-26,4460
ORD-C051-0-11,C051,2026-03-31,5007
ORD-C051-0-05,C051,2026-04-05,2540
ORD-C051-0-10,C051,2026-04-05,1590
ORD-C051-0-01,C051,2026-04-07,2320
ORD-C051-0-09,C051,2026-04-08,4740
ORD-C051-0-03,C051,2026-04-09,2150
ORD-C051-0-04,C051,2026-04-11,2700
ORD-C051-0-08,C051,2026-04-11,2740
ORD-C051-0-02,C051,2026-04-15,4720
ORD-C051-0-06,C051,2026-04-15,5110
ORD-C051-1-03,C051,2026-04-18,2160
ORD-C051-1-02,C051,2026-04-19,3930
ORD-C051-1-06,C051,2026-04-24,2500
ORD-C051-1-05,C051,2026-04-26,4380
ORD-C051-1-00,C051,2026-04-28,1980
ORD-C051-1-01,C051,2026-05-05,3880
ORD-C051-1-07,C051,2026-05-07,4480
ORD-C051-1-04,C051,2026-05-11,3470
ORD-C051-1-08,C051,2026-05-15,4550
ORD-C051-2-05,C051,2026-05-24,3220
ORD-C051-2-02,C051,2026-06-04,3810
ORD-C051-2-01,C051,2026-06-05,3950
ORD-C051-2-04,C051,2026-06-06,3400
ORD-C051-2-03,C051,2026-06-10,4080
ORD-C051-2-00,C051,2026-06-11,3650
ORD-C051-3-04,C051,2026-06-20,3766
ORD-C051-3-00,C051,2026-06-22,4110
ORD-C051-3-01,C051,2026-06-22,4810
ORD-C051-3-03,C051,2026-07-03,1890
ORD-C051-3-02,C051,2026-07-10,2330
ORD-C052-0-03,C052,2026-03-21,2100
ORD-C052-0-11,C052,2026-03-21,1740
ORD-C052-0-09,C052,2026-03-24,2210
ORD-C052-0-14,C052,2026-03-24,4510
ORD-C052-0-08,C052,2026-03-26,2210
ORD-C052-0-06,C052,2026-03-29,3010
ORD-C052-0-02,C052,2026-03-30,4030
ORD-C052-0-15,C052,2026-04-01,3716
ORD-C052-0-07,C052,2026-04-04,4720
ORD-C052-0-10,C052,2026-04-04,2970
ORD-C052-0-13,C052,2026-04-04,4300
ORD-C052-0-01,C052,2026-04-05,3450
ORD-C052-0-00,C052,2026-04-06,3220
ORD-C052-0-05,C052,2026-04-10,2660
ORD-C052-0-04,C052,2026-04-13,4150
ORD-C052-0-12,C052,2026-04-13,5730
ORD-C052-1-05,C052,2026-04-19,2720
ORD-C052-1-12,C052,2026-04-21,4030
ORD-C052-1-04,C052,2026-04-25,4080
ORD-C052-1-14,C052,2026-04-26,2780
ORD-C052-1-08,C052,2026-04-28,3900
ORD-C052-1-09,C052,2026-04-30,3310
ORD-C052-1-13,C052,2026-04-30,1840
ORD-C052-1-15,C052,2026-05-05,2340
ORD-C052-1-01,C052,2026-05-07,3020
ORD-C052-1-03,C052,2026-05-07,4990
ORD-C052-1-00,C052,2026-05-08,3590
ORD-C052-1-06,C052,2026-05-09,2570
ORD-C052-1-11,C052,2026-05-13,4450
ORD-C052-1-07,C052,2026-05-16,5260
ORD-C052-1-02,C052,2026-05-17,2800
ORD-C052-1-10,C052,2026-05-17,3670
ORD-C052-2-16,C052,2026-05-20,2280
ORD-C052-2-05,C052,2026-05-21,3530
ORD-C052-2-00,C052,2026-05-24,4430
ORD-C052-2-06,C052,2026-05-24,3430
ORD-C052-2-03,C052,2026-05-31,4620
ORD-C052-2-13,C052,2026-05-31,4630
ORD-C052-2-07,C052,2026-06-04,2640
ORD-C052-2-14,C052,2026-06-07,3630
ORD-C052-2-02,C052,2026-06-08,3560
ORD-C052-2-09,C052,2026-06-09,2740
ORD-C052-2-11,C052,2026-06-10,1800
ORD-C052-2-17,C052,2026-06-10,4035
ORD-C052-2-12,C052,2026-06-11,5470
ORD-C052-2-04,C052,2026-06-13,3550
ORD-C052-2-08,C052,2026-06-13,4120
ORD-C052-2-15,C052,2026-06-13,4020
ORD-C052-2-01,C052,2026-06-14,1500
ORD-C052-2-10,C052,2026-06-15,1740
ORD-C052-3-00,C052,2026-06-18,4980
ORD-C052-3-03,C052,2026-06-19,1810
ORD-C052-3-13,C052,2026-06-19,3170
ORD-C052-3-07,C052,2026-06-20,1970
ORD-C052-3-08,C052,2026-06-26,5640
ORD-C052-3-11,C052,2026-06-26,3830
ORD-C052-3-14,C052,2026-06-26,3530
ORD-C052-3-04,C052,2026-06-28,1990
ORD-C052-3-18,C052,2026-06-29,1940
ORD-C052-3-19,C052,2026-06-29,5249
ORD-C052-3-17,C052,2026-07-01,5150
ORD-C052-3-06,C052,2026-07-03,2860
ORD-C052-3-12,C052,2026-07-06,3600
ORD-C052-3-10,C052,2026-07-08,3620
ORD-C052-3-01,C052,2026-07-09,1740
ORD-C052-3-15,C052,2026-07-11,2210
ORD-C052-3-09,C052,2026-07-12,6080
ORD-C052-3-02,C052,2026-07-14,5130
ORD-C052-3-05,C052,2026-07-16,2500
ORD-C052-3-16,C052,2026-07-16,1660
ORD-C053-0-00,C053,2026-03-19,4540
ORD-C053-0-07,C053,2026-03-19,2470
ORD-C053-0-06,C053,2026-03-20,4650
ORD-C053-0-13,C053,2026-03-21,3860
ORD-C053-0-05,C053,2026-03-22,4450
ORD-C053-0-04,C053,2026-03-23,4250
ORD-C053-0-14,C053,2026-03-28,5072
ORD-C053-0-10,C053,2026-03-31,4800
ORD-C053-0-01,C053,2026-04-05,1430
ORD-C053-0-03,C053,2026-04-05,2180
ORD-C053-0-11,C053,2026-04-05,5110
ORD-C053-0-12,C053,2026-04-05,4720
ORD-C053-0-08,C053,2026-04-06,3810
ORD-C053-0-09,C053,2026-04-07,2480
ORD-C053-0-02,C053,2026-04-15,1930
ORD-C053-1-04,C053,2026-04-19,6130
ORD-C053-1-09,C053,2026-05-02,2900
ORD-C053-1-08,C053,2026-05-05,4700
ORD-C053-1-02,C053,2026-05-06,5240
ORD-C053-1-10,C053,2026-05-08,2212
ORD-C053-1-00,C053,2026-05-09,2690
ORD-C053-1-06,C053,2026-05-12,2350
ORD-C053-1-01,C053,2026-05-13,5320
ORD-C053-1-03,C053,2026-05-15,2700
ORD-C053-1-05,C053,2026-05-15,5860
ORD-C053-1-07,C053,2026-05-17,2560
ORD-C053-2-05,C053,2026-05-20,4520
ORD-C053-2-02,C053,2026-05-21,2210
ORD-C053-2-07,C053,2026-05-24,2532
ORD-C053-2-01,C053,2026-05-25,3440
ORD-C053-2-03,C053,2026-05-27,2380
ORD-C053-2-04,C053,2026-06-06,5830
ORD-C053-2-00,C053,2026-06-07,4860
ORD-C053-2-06,C053,2026-06-15,3660
ORD-C053-3-05,C053,2026-06-17,4258
ORD-C053-3-04,C053,2026-06-22,4350
ORD-C053-3-02,C053,2026-06-27,4500
ORD-C053-3-00,C053,2026-06-28,3090
ORD-C053-3-03,C053,2026-06-30,3030
ORD-C053-3-01,C053,2026-07-12,3720
ORD-C054-0-06,C054,2026-03-22,6390
ORD-C054-0-07,C054,2026-03-24,4190
ORD-C054-0-03,C054,2026-03-28,6150
ORD-C054-0-01,C054,2026-03-30,7060
ORD-C054-0-00,C054,2026-04-02,4080
ORD-C054-0-04,C054,2026-04-03,3850
ORD-C054-0-05,C054,2026-04-05,4370
ORD-C054-0-08,C054,2026-04-08,5120
ORD-C054-0-02,C054,2026-04-12,6600
ORD-C054-1-04,C054,2026-04-18,4990
ORD-C054-1-00,C054,2026-04-20,5370
ORD-C054-1-02,C054,2026-04-20,6820
ORD-C054-1-06,C054,2026-05-04,6966
ORD-C054-1-01,C054,2026-05-11,6720
ORD-C054-1-05,C054,2026-05-15,3410
ORD-C054-1-03,C054,2026-05-16,2710
ORD-C054-2-00,C054,2026-05-19,5620
ORD-C054-2-02,C054,2026-05-26,5310
ORD-C054-2-01,C054,2026-06-04,6670
ORD-C054-2-03,C054,2026-06-04,6420
ORD-C054-2-04,C054,2026-06-15,3170
ORD-C054-3-00,C054,2026-06-24,6830
ORD-C054-3-03,C054,2026-07-05,3584
ORD-C054-3-02,C054,2026-07-11,5680
ORD-C054-3-01,C054,2026-07-15,4130
ORD-C055-0-01,C055,2026-03-23,3870
ORD-C055-0-09,C055,2026-03-23,5870
ORD-C055-0-03,C055,2026-03-24,5230
ORD-C055-0-04,C055,2026-03-24,4520
ORD-C055-0-02,C055,2026-04-02,4940
ORD-C055-0-00,C055,2026-04-04,6610
ORD-C055-0-05,C055,2026-04-06,5170
ORD-C055-0-06,C055,2026-04-06,6170
ORD-C055-0-07,C055,2026-04-09,7320
ORD-C055-0-10,C055,2026-04-11,3079
ORD-C055-0-08,C055,2026-04-15,7060
ORD-C055-1-07,C055,2026-04-19,7020
ORD-C055-1-08,C055,2026-04-19,5972
ORD-C055-1-01,C055,2026-04-29,8920
ORD-C055-1-02,C055,2026-04-30,2620
ORD-C055-1-05,C055,2026-05-02,4190
ORD-C055-1-03,C055,2026-05-03,7670
ORD-C055-1-00,C055,2026-05-13,7470
ORD-C055-1-06,C055,2026-05-16,3980
ORD-C055-1-04,C055,2026-05-17,3960
ORD-C055-2-00,C055,2026-05-23,7740
ORD-C055-2-04,C055,2026-05-29,6850
ORD-C055-2-01,C055,2026-05-30,3870
ORD-C055-2-03,C055,2026-05-30,5030
ORD-C055-2-05,C055,2026-06-05,6880
ORD-C055-2-02,C055,2026-06-07,6110
ORD-C055-2-06,C055,2026-06-07,3510
ORD-C055-2-07,C055,2026-06-15,5164
ORD-C055-3-05,C055,2026-06-17,4100
ORD-C055-3-00,C055,2026-07-02,6980
ORD-C055-3-02,C055,2026-07-02,4240
ORD-C055-3-06,C055,2026-07-03,7172
ORD-C055-3-04,C055,2026-07-06,5080
ORD-C055-3-01,C055,2026-07-12,5080
ORD-C055-3-03,C055,2026-07-15,7410
ORD-C056-0-05,C056,2026-03-22,3491
ORD-C056-0-00,C056,2026-03-24,8800
ORD-C056-0-01,C056,2026-03-30,5600
ORD-C056-0-02,C056,2026-04-07,4080
ORD-C056-0-03,C056,2026-04-10,6140
ORD-C056-0-04,C056,2026-04-14,4450
ORD-C056-1-03,C056,2026-04-23,3250
ORD-C056-1-01,C056,2026-04-24,5440
ORD-C056-1-00,C056,2026-05-03,7230
ORD-C056-1-02,C056,2026-05-06,4820
ORD-C056-1-04,C056,2026-05-08,7324
ORD-C056-2-02,C056,2026-05-19,2810
ORD-C056-2-01,C056,2026-06-03,2650
ORD-C056-2-04,C056,2026-06-05,3686
ORD-C056-2-00,C056,2026-06-07,8700
ORD-C056-2-03,C056,2026-06-15,6760
ORD-C056-3-00,C056,2026-06-29,3460
ORD-C056-3-02,C056,2026-07-05,9050
ORD-C056-3-01,C056,2026-07-06,3600
ORD-C056-3-03,C056,2026-07-07,6126
ORD-C057-0-03,C057,2026-03-24,5320
ORD-C057-0-04,C057,2026-03-26,3610
ORD-C057-0-00,C057,2026-04-03,3040
ORD-C057-0-02,C057,2026-04-03,8580
ORD-C057-0-05,C057,2026-04-14,6752
ORD-C057-0-01,C057,2026-04-15,9080
ORD-C057-1-00,C057,2026-04-23,5700
ORD-C057-1-03,C057,2026-04-28,8430
ORD-C057-1-05,C057,2026-05-02,6469
ORD-C057-1-02,C057,2026-05-09,7010
ORD-C057-1-01,C057,2026-05-11,3640
ORD-C057-1-04,C057,2026-05-17,7320
ORD-C057-2-05,C057,2026-05-22,9096
ORD-C057-2-03,C057,2026-05-31,4940
ORD-C057-2-01,C057,2026-06-03,4270
ORD-C057-2-02,C057,2026-06-08,7550
ORD-C057-2-04,C057,2026-06-13,3720
ORD-C057-2-00,C057,2026-06-16,9870
ORD-C057-3-00,C057,2026-06-19,5770
ORD-C057-3-03,C057,2026-06-21,5740
ORD-C057-3-01,C057,2026-07-02,3140
ORD-C057-3-06,C057,2026-07-04,6673
ORD-C057-3-05,C057,2026-07-06,5320
ORD-C057-3-02,C057,2026-07-08,7590
ORD-C057-3-04,C057,2026-07-15,7450
ORD-C058-0-02,C058,2026-03-26,7400
ORD-C058-0-01,C058,2026-04-01,8220
ORD-C058-0-04,C058,2026-04-03,5710
ORD-C058-0-00,C058,2026-04-04,7750
ORD-C058-0-06,C058,2026-04-12,2533
ORD-C058-0-03,C058,2026-04-13,6560
ORD-C058-0-05,C058,2026-04-13,4700
ORD-C058-1-00,C058,2026-04-22,4470
ORD-C058-1-04,C058,2026-04-25,6440
ORD-C058-1-01,C058,2026-04-26,5770
ORD-C058-1-02,C058,2026-05-03,6720
ORD-C058-1-03,C058,2026-05-12,6850
ORD-C058-1-05,C058,2026-05-17,2698
ORD-C058-2-01,C058,2026-05-18,4060
ORD-C058-2-00,C058,2026-05-24,7860
ORD-C058-2-02,C058,2026-06-09,7970
ORD-C058-2-03,C058,2026-06-10,4891
ORD-C058-3-00,C058,2026-06-17,8480
ORD-C058-3-01,C058,2026-06-29,6880
ORD-C058-3-02,C058,2026-07-07,3410
ORD-C059-0-13,C059,2026-03-22,3850
ORD-C059-0-09,C059,2026-03-23,4110
ORD-C059-0-15,C059,2026-03-26,2220
ORD-C059-0-01,C059,2026-03-27,4940
ORD-C059-0-02,C059,2026-03-28,3220
ORD-C059-0-04,C059,2026-03-30,3300
ORD-C059-0-07,C059,2026-03-31,3780
ORD-C059-0-16,C059,2026-04-02,3884
ORD-C059-0-00,C059,2026-04-03,2340
ORD-C059-0-03,C059,2026-04-06,1910
ORD-C059-0-12,C059,2026-04-09,2330
ORD-C059-0-06,C059,2026-04-10,2580
ORD-C059-0-08,C059,2026-04-11,3900
ORD-C059-0-14,C059,2026-04-11,3870
ORD-C059-0-05,C059,2026-04-12,3990
ORD-C059-0-10,C059,2026-04-15,5760
ORD-C059-0-11,C059,2026-04-15,3170
ORD-C059-1-06,C059,2026-04-20,3600
ORD-C059-1-07,C059,2026-04-20,3870
ORD-C059-1-11,C059,2026-04-20,4324
ORD-C059-1-01,C059,2026-04-22,4880
ORD-C059-1-09,C059,2026-04-25,2750
ORD-C059-1-08,C059,2026-04-26,1470
ORD-C059-1-10,C059,2026-04-29,3690
ORD-C059-1-05,C059,2026-05-01,4310
ORD-C059-1-02,C059,2026-05-03,1650
ORD-C059-1-04,C059,2026-05-07,4260
ORD-C059-1-00,C059,2026-05-14,4250
ORD-C059-1-03,C059,2026-05-17,3200
ORD-C059-2-04,C059,2026-05-18,3850
ORD-C059-2-00,C059,2026-05-23,3660
ORD-C059-2-05,C059,2026-05-24,2410
ORD-C059-2-03,C059,2026-06-01,2850
ORD-C059-2-02,C059,2026-06-02,4910
ORD-C059-2-01,C059,2026-06-07,4110
ORD-C059-2-07,C059,2026-06-08,1520
ORD-C059-2-06,C059,2026-06-14,5040
ORD-C059-2-08,C059,2026-06-16,4315
ORD-C059-3-04,C059,2026-06-17,3940
ORD-C059-3-00,C059,2026-06-18,5270
ORD-C059-3-06,C059,2026-06-19,2328
ORD-C059-3-05,C059,2026-06-22,2620
ORD-C059-3-02,C059,2026-06-24,1700
ORD-C059-3-01,C059,2026-06-28,2870
ORD-C059-3-03,C059,2026-07-07,4330
ORD-C060-0-00,C060,2026-03-28,8900
ORD-C060-0-06,C060,2026-03-30,7160
ORD-C060-0-07,C060,2026-03-30,2690
ORD-C060-0-03,C060,2026-04-05,4880
ORD-C060-0-05,C060,2026-04-06,5700
ORD-C060-0-01,C060,2026-04-11,7450
ORD-C060-0-02,C060,2026-04-14,4590
ORD-C060-0-08,C060,2026-04-14,2835
ORD-C060-0-04,C060,2026-04-17,6150
ORD-C060-1-02,C060,2026-04-21,4080
ORD-C060-1-05,C060,2026-04-26,4600
ORD-C060-1-00,C060,2026-04-27,4710
ORD-C060-1-01,C060,2026-04-28,7270
ORD-C060-1-04,C060,2026-05-04,7020
ORD-C060-1-07,C060,2026-05-05,3400
ORD-C060-1-03,C060,2026-05-13,9760
ORD-C060-1-08,C060,2026-05-14,3145
ORD-C060-1-06,C060,2026-05-16,5720
ORD-C060-2-03,C060,2026-05-18,4940
ORD-C060-2-07,C060,2026-05-20,7720
ORD-C060-2-05,C060,2026-05-21,4010
ORD-C060-2-06,C060,2026-05-26,4680
ORD-C060-2-08,C060,2026-05-30,7077
ORD-C060-2-04,C060,2026-06-02,5690
ORD-C060-2-01,C060,2026-06-05,4060
ORD-C060-2-02,C060,2026-06-14,5400
ORD-C060-2-00,C060,2026-06-15,7840
ORD-C060-3-00,C060,2026-06-19,5760
ORD-C060-3-06,C060,2026-06-19,5060
ORD-C060-3-09,C060,2026-06-22,3472
ORD-C060-3-05,C060,2026-06-27,7670
ORD-C060-3-01,C060,2026-06-29,7900
ORD-C060-3-07,C060,2026-07-04,2040
ORD-C060-3-02,C060,2026-07-08,6010
ORD-C060-3-03,C060,2026-07-10,3350
ORD-C060-3-04,C060,2026-07-13,3860
ORD-C060-3-08,C060,2026-07-16,6940
